model,context,block,condition,source,speedup,ar_ms,df_ms,df_min_ms,df_max_ms,verify_ms,verify_over_ar,acceptance,committed,break_even_committed,first_draft_ms,steady_draft_ms,first_draft_share,simultaneous_peak_gb,sum_device_peaks_gb,peak_site,native_overhead_gb,flags,recording_overhead_gb,share_Verify,share_First draft,share_Steady draft,share_Draft logits,share_Context feature,share_Remainder
qwen3-8b,32768,16,qwen3-8b/S32768/b16/o256/shape_controlled/p0,record_arch_main/qwen3-8b/sweep_causal_conv1d+fla_3gpu_20260930-113850.json,0.4038719187298266,49.66796029395625,122.97948431314937,122.95887867061823,129.11802335350097,171.37760711134524,3.4504659763972434,0.033734939759036145,1.4912280701754386,3.692329179174766,96.3430404663086,8.964132701649383,0.30721859591138223,28.204952064,33.859136,target layer 35,2.634656768,,2.634656768,93.44957637738086,0.30721859591138223,4.868145029164384,1.0890137667464113,0.01969463543319313,0.2663515953637519
qwen3-8b,32768,4,qwen3-8b/S32768/b4/o256/shape_controlled/p0,record_arch_main/qwen3-8b/sweep_causal_conv1d+fla_3gpu_20260930-113850.json,0.3613689128805702,49.6314342508056,137.34284406253957,137.26662615697612,138.75977918049136,166.21200151007793,3.3489260187434544,0.09863945578231292,1.2944162436548223,3.5819800694439303,95.63951873779297,8.814314282670313,0.27308079921212025,28.204952064,33.859136,target layer 35,2.634656768,,2.634656768,93.49370889334246,0.27308079921212025,4.940948612937595,0.9975581480401098,0.019883032211828525,0.27482051425589193
qwen3-8b,32768,8,qwen3-8b/S32768/b8/o256/shape_controlled/p0,record_arch_main/qwen3-8b/sweep_causal_conv1d+fla_3gpu_20260930-113850.json,0.35937808816835065,49.66396265937125,138.19418683118533,138.04995877229993,138.48411132143264,168.08800646723535,3.384506540891543,0.043671354552183565,1.3010204081632653,3.6201995920068515,95.96307373046875,8.872073858212202,0.27231664946578543,28.204952064,33.859136,target layer 35,2.634656768,,2.634656768,93.48950119668258,0.27231664946578543,4.917018299181909,1.0286698794658284,0.019994916436830112,0.2724990587670658
qwen3.5-9b,32768,16,qwen3.5-9b/S32768/b16/o256/shape_controlled/p0,record_arch_main/qwen3.5-9b/sweep_causal_conv1d+fla_3gpu_20260930-103640.json,1.7429970275316309,41.5383145569221,23.831546411612162,23.57621232102461,23.836963659371524,69.02018309292727,1.6616028798748044,0.17039106145251395,3.493150684931507,2.0041059334899614,145.6875457763672,8.651675144831339,2.3973421575720613,42.190106624,49.492652032,target layer 30,16.004542464,,3.12121344,82.90993265916237,2.3973421575720613,10.27221363617734,3.8863376474460916,0.042157336538858295,0.492016563103287
qwen3.5-9b,32768,4,qwen3.5-9b/S32768/b4/o256/shape_controlled/p0,record_arch_main/qwen3.5-9b/sweep_causal_conv1d+fla_3gpu_20260930-103640.json,1.749304309419109,41.302674384239836,23.610914442870836,23.473769866441398,23.64908216119397,65.65696656076533,1.589654121424605,0.7894736842105263,3.3552631578947367,1.9180557321149676,146.28250122070312,8.466204999287923,2.429625794122434,42.190106624,49.492652032,target layer 30,16.004542464,,3.12121344,82.87841144593611,2.429625794122434,10.565142492370818,3.6159335772214507,0.04357918154572364,0.46730750880347494
qwen3.5-9b,32768,8,qwen3.5-9b/S32768/b8/o256/shape_controlled/p0,record_arch_main/qwen3.5-9b/sweep_causal_conv1d+fla_3gpu_20260930-103640.json,1.7482509754055882,42.02465949050497,24.03811585505073,23.888704227283597,24.06429264274444,67.9463451131185,1.6168208365488421,0.34615384615384615,3.4,1.9448008597342332,146.8344268798828,8.520966877808442,2.395450980243552,42.190106624,49.492652032,target layer 30,16.004542464,,3.12121344,83.13554719272331,2.395450980243552,10.300515468920338,3.656121870654857,0.042859514510435064,0.46950497294752075
qwen3.5-35b-a3b,32768,16,qwen3.5-35b-a3b/S32768/b16/o256/shape_controlled/p0,record_arch_main/qwen3.5-35b-a3b/sweep_causal_conv1d+fla_3gpu_20260930-091225.json,3.758322494764771,132.94765635338777,35.37420126627765,35.31516661922283,35.678427681947745,214.49188804626465,1.613355917129704,0.3679727427597956,6.375,1.696235490403014,75.43910217285156,6.9809854336273975,0.836314618490478,93.937378304,102.860379136,target layer 39,17.145868288,,1.040781312,95.11391114369279,0.836314618490478,3.0268563841395384,0.8279652303709338,0.015386953324755162,0.17956566998151247
qwen3.5-35b-a3b,32768,4,qwen3.5-35b-a3b/S32768/b4/o256/shape_controlled/p0,record_arch_main/qwen3.5-35b-a3b/sweep_causal_conv1d+fla_3gpu_20260930-091225.json,2.0103367473293487,130.78808490570415,65.05779943556762,65.04180472545033,65.08255865534439,195.0093773735894,1.4910332047004713,0.7261410788381742,3.1481481481481484,1.5659805016897472,74.89945220947266,7.0195584177970884,0.45148059809313357,93.937378304,102.860379136,target layer 39,17.144942592,,1.040781312,95.2140338332179,0.45148059809313357,3.3924576978455576,0.7356177048140016,0.01666475911603887,0.18974540691336977
qwen3.5-35b-a3b,32768,8,qwen3.5-35b-a3b/S32768/b8/o256/shape_controlled/p0,record_arch_main/qwen3.5-35b-a3b/sweep_causal_conv1d+fla_3gpu_20260930-091225.json,3.372817674313099,130.9811609925008,38.83434375656732,38.82455849453953,38.85574496040742,204.69307045314622,1.5627672628803901,0.65625,5.543478260869565,1.6435748374683603,74.45196533203125,7.035399087270101,0.7518306304552568,93.937378304,102.860379136,target layer 39,17.144942592,,1.040781312,95.08342591126302,0.7518306304552568,3.204057539605686,0.75736317471827,0.016022042242475342,0.1873007017153079
