model,condition,moment,phase,input_tokens,block_size,interval_peak_bytes,target_attention_kv_bytes,target_gdn_state_bytes,target_gdn_conv_recording_bytes,target_decode_state_bytes,draft_kv_bytes,draft_weight_bytes,target_selected_hidden_bytes,context_feature_bytes,draft_kv_over_target_attention_kv,draft_kv_over_target_decode_state
qwen3-8b,qwen3-8b/S4096/b16/o256/shape_controlled/p0,prefill_end,prefill: rollback/crop,4096,16,19278598144,603979776,0,0,603979776,0,2097253376,0,167772160,0.0,0.0
qwen3-8b,qwen3-8b/S4096/b16/o256/shape_controlled/p0,first_draft,decode: first draft forward,4096,16,19451859968,603979776,0,0,603979776,84213760,2097253376,0,167772160,0.1394314236111111,0.1394314236111111
qwen3-8b,qwen3-8b/S4096/b16/o256/shape_controlled/p0,steady_decode,decode: draft forward,4096,16,19257961984,641728512,0,0,641728512,89128960,2097253376,655360,655360,0.1388888888888889,0.1388888888888889
qwen3-8b,qwen3-8b/S8192/b16/o256/shape_controlled/p0,prefill_end,prefill: rollback/crop,8192,16,20050481152,1207959552,0,0,1207959552,0,2097253376,0,335544320,0.0,0.0
qwen3-8b,qwen3-8b/S8192/b16/o256/shape_controlled/p0,first_draft,decode: first draft forward,8192,16,20391834624,1207959552,0,0,1207959552,168099840,2097253376,0,335544320,0.13916015625,0.13916015625
qwen3-8b,qwen3-8b/S8192/b16/o256/shape_controlled/p0,steady_decode,decode: draft forward,8192,16,19954174976,1245708288,0,0,1245708288,173015040,2097253376,655360,655360,0.1388888888888889,0.1388888888888889
qwen3-8b,qwen3-8b/S16384/b16/o256/shape_controlled/p0,prefill_end,prefill: rollback/crop,16384,16,21594436096,2416066560,0,0,2416066560,0,2097253376,0,671129600,0.0,0.0
qwen3-8b,qwen3-8b/S16384/b16/o256/shape_controlled/p0,first_draft,decode: first draft forward,16384,16,22276128256,2416066560,0,0,2416066560,335892480,2097253376,0,671129600,0.1390245142915268,0.1390245142915268
qwen3-8b,qwen3-8b/S16384/b16/o256/shape_controlled/p0,steady_decode,decode: draft forward,16384,16,21347091968,2453815296,0,0,2453815296,340807680,2097253376,655360,655360,0.1388888888888889,0.1388888888888889
qwen3-8b,qwen3-8b/S32768/b16/o256/shape_controlled/p0,prefill_end,prefill: rollback/crop,32768,16,24681779200,4831838208,0,0,4831838208,0,2097253376,0,1342177280,0.0,0.0
qwen3-8b,qwen3-8b/S32768/b16/o256/shape_controlled/p0,first_draft,decode: first draft forward,32768,16,26044870144,4831838208,0,0,4831838208,671416320,2097253376,0,1342177280,0.13895670572916666,0.13895670572916666
qwen3-8b,qwen3-8b/S32768/b16/o256/shape_controlled/p0,steady_decode,decode: draft forward,32768,16,24132414464,4869586944,0,0,4869586944,676331520,2097253376,655360,655360,0.1388888888888889,0.1388888888888889
qwen3-8b,qwen3-8b/S65536/b16/o256/shape_controlled/p0,prefill_end,prefill: rollback/crop,65536,16,30856843264,9663676416,0,0,9663676416,0,2097253376,0,2684354560,0.0,0.0
qwen3-8b,qwen3-8b/S65536/b16/o256/shape_controlled/p0,first_draft,decode: first draft forward,65536,16,33580069888,9663676416,0,0,9663676416,1342504960,2097253376,0,2684354560,0.1389227973090278,0.1389227973090278
qwen3-8b,qwen3-8b/S65536/b16/o256/shape_controlled/p0,steady_decode,decode: draft forward,65536,16,29703660032,9701130240,0,0,9701130240,1347420160,2097253376,655360,655360,0.1388931110773336,0.1388931110773336
qwen3-8b,qwen3-8b/S32768/b4/o256/shape_controlled/p0,prefill_end,prefill: rollback/crop,32768,4,24681779200,4831838208,0,0,4831838208,0,2097253376,0,1342177280,0.0,0.0
qwen3-8b,qwen3-8b/S32768/b4/o256/shape_controlled/p0,first_draft,decode: first draft forward,32768,4,26044028416,4831838208,0,0,4831838208,671170560,2097253376,0,1342177280,0.13890584309895834,0.13890584309895834
qwen3-8b,qwen3-8b/S32768/b4/o256/shape_controlled/p0,steady_decode,decode: draft forward,32768,4,24123640832,4869586944,0,0,4869586944,676331520,2097253376,163840,163840,0.1388888888888889,0.1388888888888889
qwen3-8b,qwen3-8b/S32768/b8/o256/shape_controlled/p0,prefill_end,prefill: rollback/crop,32768,8,24681779200,4831838208,0,0,4831838208,0,2097253376,0,1342177280,0.0,0.0
qwen3-8b,qwen3-8b/S32768/b8/o256/shape_controlled/p0,first_draft,decode: first draft forward,32768,8,26044308992,4831838208,0,0,4831838208,671252480,2097253376,0,1342177280,0.1389227973090278,0.1389227973090278
qwen3-8b,qwen3-8b/S32768/b8/o256/shape_controlled/p0,steady_decode,decode: draft forward,32768,8,24126598144,4869586944,0,0,4869586944,676331520,2097253376,327680,327680,0.1388888888888889,0.1388888888888889
qwen3.5-9b,qwen3.5-9b/S4096/b16/o256/shape_controlled/p0,prefill_end,prefill: rollback/crop,4096,16,23493314048,134217728,51904512,1609039872,186122240,0,2583809536,0,268435456,0.0,0.0
qwen3.5-9b,qwen3.5-9b/S4096/b16/o256/shape_controlled/p0,first_draft,decode: first draft forward,4096,16,23699301376,134217728,51904512,1609039872,186122240,101056512,2583809536,0,268435456,0.7529296875,0.5429577464788733
qwen3.5-9b,qwen3.5-9b/S4096/b16/o256/shape_controlled/p0,steady_decode,decode: draft forward,4096,16,21820057600,142409728,51904512,6291456,194314240,102141952,2583809536,1048576,1048576,0.7172399907961344,0.5256534569983137
qwen3.5-9b,qwen3.5-9b/S8192/b16/o256/shape_controlled/p0,prefill_end,prefill: rollback/crop,8192,16,25506711040,268435456,51904512,3219652608,320339968,0,2583809536,0,536870912,0.0,0.0
qwen3.5-9b,qwen3.5-9b/S8192/b16/o256/shape_controlled/p0,first_draft,decode: first draft forward,8192,16,25915274240,268435456,51904512,3219652608,320339968,201719808,2583809536,0,536870912,0.75146484375,0.6297054009819967
qwen3.5-9b,qwen3.5-9b/S8192/b16/o256/shape_controlled/p0,steady_decode,decode: draft forward,8192,16,22028375552,268959744,51904512,6291456,320864256,117837824,2583809536,1048576,1048576,0.43812439083820665,0.36725132761437906
qwen3.5-9b,qwen3.5-9b/S16384/b16/o256/shape_controlled/p0,prefill_end,prefill: rollback/crop,16384,16,29533505024,536870912,51904512,6440878080,588775424,0,2583809536,0,1073741824,0.0,0.0
qwen3.5-9b,qwen3.5-9b/S16384/b16/o256/shape_controlled/p0,first_draft,decode: first draft forward,16384,16,30349374464,536870912,51904512,6440878080,588775424,403046400,2583809536,0,1073741824,0.750732421875,0.6845503116651825
qwen3.5-9b,qwen3.5-9b/S16384/b16/o256/shape_controlled/p0,steady_decode,decode: draft forward,16384,16,22464910848,537395200,51904512,6291456,589299712,151392256,2583809536,1048576,1048576,0.28171493902439027,0.2569019684163701
qwen3.5-9b,qwen3.5-9b/S32768/b16/o256/shape_controlled/p0,prefill_end,prefill: rollback/crop,32768,16,37587092992,1073741824,51904512,12883329024,1125646336,0,2583809536,0,2147483648,0.0,0.0
qwen3.5-9b,qwen3.5-9b/S32768/b16/o256/shape_controlled/p0,first_draft,decode: first draft forward,32768,16,39217385984,1073741824,51904512,12883329024,1125646336,805699584,2583809536,0,2147483648,0.7503662109375,0.7157661853749417
qwen3.5-9b,qwen3.5-9b/S32768/b16/o256/shape_controlled/p0,steady_decode,decode: draft forward,32768,16,23403318784,1074266112,51904512,6291456,1126170624,218501120,2583809536,1048576,1048576,0.2033957113225964,0.19402132797951582
qwen3.5-9b,qwen3.5-9b/S65536/b16/o256/shape_controlled/p0,prefill_end,prefill: rollback/crop,65536,16,53694268928,2147483648,51904512,25768230912,2199388160,0,2583809536,0,4294967296,0.0,0.0
qwen3.5-9b,qwen3.5-9b/S65536/b16/o256/shape_controlled/p0,first_draft,decode: first draft forward,65536,16,56953590272,2147483648,51904512,25768230912,2199388160,1611005952,2583809536,0,4294967296,0.75018310546875,0.7324791418355184
qwen3.5-9b,qwen3.5-9b/S65536/b16/o256/shape_controlled/p0,steady_decode,decode: draft forward,65536,16,25283415552,2148007936,51904512,6291456,2199912448,352718848,2583809536,1048576,1048576,0.164207423114474,0.16033312976644423
qwen3.5-9b,qwen3.5-9b/S32768/b4/o256/shape_controlled/p0,prefill_end,prefill: rollback/crop,32768,4,37587092992,1073741824,51904512,12883329024,1125646336,0,2583809536,0,2147483648,0.0,0.0
qwen3.5-9b,qwen3.5-9b/S32768/b4/o256/shape_controlled/p0,first_draft,decode: first draft forward,32768,4,39215439360,1073741824,51904512,12883329024,1125646336,805404672,2583809536,0,2147483648,0.750091552734375,0.7155041918956684
qwen3.5-9b,qwen3.5-9b/S32768/b4/o256/shape_controlled/p0,steady_decode,decode: draft forward,32768,4,23384590848,1073872896,51904512,1572864,1125777408,218206208,2583809536,262144,262144,0.2031955632857317,0.1938271335429037
qwen3.5-9b,qwen3.5-9b/S32768/b8/o256/shape_controlled/p0,prefill_end,prefill: rollback/crop,32768,8,37587092992,1073741824,51904512,12883329024,1125646336,0,2583809536,0,2147483648,0.0,0.0
qwen3.5-9b,qwen3.5-9b/S32768/b8/o256/shape_controlled/p0,first_draft,decode: first draft forward,32768,8,39215932416,1073741824,51904512,12883329024,1125646336,805502976,2583809536,0,2147483648,0.75018310546875,0.7155915230554262
qwen3.5-9b,qwen3.5-9b/S32768/b8/o256/shape_controlled/p0,steady_decode,decode: draft forward,32768,8,23391162880,1074003968,51904512,3145728,1125908480,218304512,2583809536,524288,524288,0.20326229558213327,0.19389188009313155
qwen3.5-35b-a3b,qwen3.5-35b-a3b/S4096/b16/o256/shape_controlled/p0,prefill_end,prefill: rollback/crop,4096,16,73306747392,83886080,64880640,2011299840,148766720,0,771812864,0,134217728,0.0,0.0
qwen3.5-35b-a3b,qwen3.5-35b-a3b/S4096/b16/o256/shape_controlled/p0,first_draft,decode: first draft forward,4096,16,73496731648,83886080,64880640,2011299840,148766720,101056512,771812864,0,134217728,1.2046875,0.6792951541850221
qwen3.5-35b-a3b,qwen3.5-35b-a3b/S4096/b16/o256/shape_controlled/p0,steady_decode,decode: draft forward,4096,16,71363625984,88760320,64880640,7864320,153640960,102338560,771812864,524288,524288,1.1529764651592063,0.6660890429218875
qwen3.5-35b-a3b,qwen3.5-35b-a3b/S8192/b16/o256/shape_controlled/p0,prefill_end,prefill: rollback/crop,8192,16,75538248192,167772160,64880640,4024565760,232652800,0,771812864,0,268435456,0.0,0.0
qwen3.5-35b-a3b,qwen3.5-35b-a3b/S8192/b16/o256/shape_controlled/p0,first_draft,decode: first draft forward,8192,16,75913125888,167772160,64880640,4024565760,232652800,201719808,771812864,0,268435456,1.20234375,0.8670422535211267
qwen3.5-35b-a3b,qwen3.5-35b-a3b/S8192/b16/o256/shape_controlled/p0,steady_decode,decode: draft forward,8192,16,71523709440,168099840,64880640,7864320,232980480,117837824,771812864,524288,524288,0.7009990253411306,0.5057841068917018
qwen3.5-35b-a3b,qwen3.5-35b-a3b/S16384/b16/o256/shape_controlled/p0,prefill_end,prefill: rollback/crop,16384,16,80001249792,335544320,64880640,8051097600,400424960,0,771812864,0,536870912,0.0,0.0
qwen3.5-35b-a3b,qwen3.5-35b-a3b/S16384/b16/o256/shape_controlled/p0,first_draft,decode: first draft forward,16384,16,80749780992,335544320,64880640,8051097600,400424960,403046400,771812864,0,536870912,1.201171875,1.0065466448445173
qwen3.5-35b-a3b,qwen3.5-35b-a3b/S16384/b16/o256/shape_controlled/p0,steady_decode,decode: draft forward,16384,16,71858544128,335872000,64880640,7864320,400752640,151392256,771812864,524288,524288,0.4507439024390244,0.3777698282910875
qwen3.5-35b-a3b,qwen3.5-35b-a3b/S32768/b16/o256/shape_controlled/p0,prefill_end,prefill: rollback/crop,32768,16,88927252992,671088640,64880640,16104161280,735969280,0,771812864,0,1073741824,0.0,0.0
qwen3.5-35b-a3b,qwen3.5-35b-a3b/S32768/b16/o256/shape_controlled/p0,first_draft,decode: first draft forward,32768,16,90423164416,671088640,64880640,16104161280,735969280,805699584,771812864,0,1073741824,1.2005859375,1.094746215494212
qwen3.5-35b-a3b,qwen3.5-35b-a3b/S32768/b16/o256/shape_controlled/p0,steady_decode,decode: draft forward,32768,16,72596515328,671416320,64880640,7864320,736296960,218501120,771812864,524288,524288,0.3254331381161542,0.2967567868268803
qwen3.5-35b-a3b,qwen3.5-35b-a3b/S65536/b16/o256/shape_controlled/p0,prefill_end,prefill: rollback/crop,65536,16,106779259392,1342177280,64880640,32210288640,1407057920,0,771812864,0,2147483648,0.0,0.0
qwen3.5-35b-a3b,qwen3.5-35b-a3b/S65536/b16/o256/shape_controlled/p0,first_draft,decode: first draft forward,65536,16,109769948672,1342177280,64880640,32210288640,1407057920,1611005952,771812864,0,2147483648,1.20029296875,1.144946436888682
qwen3.5-35b-a3b,qwen3.5-35b-a3b/S65536/b16/o256/shape_controlled/p0,steady_decode,decode: draft forward,65536,16,74075340288,1342504960,64880640,7864320,1407385600,352718848,771812864,524288,524288,0.2627318769831584,0.2506199068684517
