model,context,mode,e2e_interval_sum_s,record_total_median_s,ttft_s,decode_s,source,prefill_rest_s,prefill_feature_s,first_draft_s,steady_draft_s,draft_logits_s,verify_s,decode_feature_s,decode_remainder_s,ar_decode_s,prefill_rest_e2e_pct,prefill_rest_decode_pct,prefill_feature_e2e_pct,prefill_feature_decode_pct,first_draft_e2e_pct,first_draft_decode_pct,steady_draft_e2e_pct,steady_draft_decode_pct,draft_logits_e2e_pct,draft_logits_decode_pct,verify_e2e_pct,verify_decode_pct,decode_feature_e2e_pct,decode_feature_decode_pct,decode_remainder_e2e_pct,decode_remainder_decode_pct,ar_decode_e2e_pct,ar_decode_decode_pct
qwen3-8b,4096,DFlash,5.614081042120233,5.616249865852296,0.7043479201383889,4.909733121981844,record_arch_main/qwen3-8b/sweep_causal_conv1d+fla_3gpu_20260930-113850.json,0.7038683681454276,0.00047955199296120555,0.015714079856872558,0.4654353919029236,0.17587021017074586,4.206143852233887,0.0030971840396523476,0.043472403777762736,0,12.537552679852343,0,0.00854194995339961,0,0.2799047562544256,0.3200597561304813,8.290500055324204,9.479851151564175,3.1326624758577784,3.5820727074418817,74.92132408985283,85.66950071893217,0.05516813912046155,0.06308253346369568,0.7743458537845546,0.8854331324675918,0.0,0.0
qwen3-8b,4096,AR,10.305050512077287,10.306861094897613,0.6920906649902463,9.61295984708704,record_arch_main/qwen3-8b/sweep_causal_conv1d+fla_3gpu_20260930-113850.json,0.6920906649902463,0,0,0,0,0,0,0,9.61295984708704,6.71603369803119,0,0.0,0,0.0,0.0,0.0,0.0,0.0,0.0,0.0,0.0,0.0,0.0,0.0,0.0,93.2839663019688,100.0
qwen3-8b,8192,DFlash,8.620889995014295,8.636115281842649,1.451354264980182,7.169535730034113,record_arch_main/qwen3-8b/sweep_causal_conv1d+fla_3gpu_20260930-113850.json,1.4504091449513798,0.0009451200288021937,0.026696704864501954,0.5848884491920472,0.1997715221643448,6.305513004302979,0.0035456320606172087,0.0491204174496227,0,16.82435509315387,0,0.01096313755712906,0,0.30967457977008656,0.3723630911366548,6.784548341648075,8.157968259253856,2.317295804492092,2.786394122111367,73.14225106630099,87.94869349612651,0.041128376103485235,0.049454137535909014,0.5697836009742664,0.6851268938356903,0.0,0.0
qwen3-8b,8192,AR,11.180692891124636,11.180692891124636,1.452000241028145,9.728692650096491,record_arch_main/qwen3-8b/sweep_causal_conv1d+fla_3gpu_20260930-113850.json,1.452000241028145,0,0,0,0,0,0,0,9.728692650096491,12.986674933006698,0,0.0,0,0.0,0.0,0.0,0.0,0.0,0.0,0.0,0.0,0.0,0.0,0.0,0.0,87.0133250669933,100.0
qwen3-8b,16384,DFlash,16.299879411933944,16.300851661944762,3.389532112982124,12.91034729895182,record_arch_main/qwen3-8b/sweep_causal_conv1d+fla_3gpu_20260930-113850.json,3.3876600169360174,0.0018720960461068898,0.04921651077270508,0.7781399974822998,0.22782288241386414,11.794841827392577,0.004028192050755024,0.05629788883961773,0,20.783344043979522,0,0.011485336785597542,0,0.30194401767580714,0.3812175585446948,4.773900332738568,6.027258442113918,1.3976967353946423,1.7646533988466824,72.36152813963147,91.35960136680592,0.024713017495121996,0.031201267924698427,0.3453883762992705,0.43606796576408524,0.0,0.0
qwen3-8b,16384,AR,13.470936103956774,13.454644417855889,3.3035217488650233,10.16741435509175,record_arch_main/qwen3-8b/sweep_causal_conv1d+fla_3gpu_20260930-113850.json,3.3035217488650233,0,0,0,0,0,0,0,10.16741435509175,24.523327283058602,0,0.0,0,0.0,0.0,0.0,0.0,0.0,0.0,0.0,0.0,0.0,0.0,0.0,0.0,75.4766727169414,100.0
qwen3-8b,32768,DFlash,39.63369893399067,39.648471891880035,8.273930434137583,31.35976849985309,record_arch_main/qwen3-8b/sweep_causal_conv1d+fla_3gpu_20260930-113850.json,8.270191522039822,0.003738912097760476,0.0963430404663086,1.5266390113830566,0.34151219618320466,29.30557081604004,0.006176192078739404,0.08352724370174158,0,20.866564929540644,0,0.009433669322632687,0,0.24308364613347463,0.30721859591138223,3.851871141085395,4.868145029164384,0.8616712680590023,1.0890137667464113,73.94104412219517,93.44957637738086,0.015583183616108501,0.01969463543319313,0.21074804004757403,0.26635159536376324,0.0,0.0
qwen3-8b,32768,AR,20.8657316849567,20.861738276900724,8.200401809997857,12.665329874958843,record_arch_main/qwen3-8b/sweep_causal_conv1d+fla_3gpu_20260930-113850.json,8.200401809997857,0,0,0,0,0,0,0,12.665329874958843,39.30081117601065,0,0.0,0,0.0,0.0,0.0,0.0,0.0,0.0,0.0,0.0,0.0,0.0,0.0,0.0,60.69918882398935,100.0
qwen3-8b,65536,DFlash,88.2211040512193,88.15271783503704,23.58853670815006,64.63256734306924,record_arch_main/qwen3-8b/sweep_causal_conv1d+fla_3gpu_20260930-113850.json,23.5810591721948,0.007477535955258645,0.1876571807861328,2.6432648334503175,0.3992242900133133,61.29383889770508,0.0073322241269052025,0.10124991698749852,0,26.72949905331511,0,0.00847590385053144,0,0.2127123467840337,0.29034461804688916,2.9961819928207816,4.089679463636165,0.4525269710765943,0.6176828593149231,69.47752417847681,94.83429394403875,0.008311190622425524,0.011344472962037552,0.11476836305371442,0.1566546420012447,0.0,0.0
qwen3-8b,65536,AR,40.8192442599684,40.8169549650047,23.362423044862226,17.456821215106174,record_arch_main/qwen3-8b/sweep_causal_conv1d+fla_3gpu_20260930-113850.json,23.362423044862226,0,0,0,0,0,0,0,17.456821215106174,57.23384513459464,0,0.0,0,0.0,0.0,0.0,0.0,0.0,0.0,0.0,0.0,0.0,0.0,0.0,0.0,42.76615486540536,100.0
qwen3.5-9b,4096,DFlash,2.763001078972593,2.7641206348780543,0.6878063480835408,2.075194730889052,record_arch_main/qwen3.5-9b/sweep_causal_conv1d+fla_3gpu_20260930-103640.json,0.6870482680934947,0.0007580799900460989,0.0237076473236084,0.22084118509292602,0.09376492762565612,1.7242876091003418,0.0010133440159261226,0.011580017730593362,0,24.866015193485552,0,0.027436832935584188,0,0.8580397417877216,1.142430007686633,7.992801261411183,10.641949972488295,3.3935899750181093,4.518367661115131,62.40633137000109,83.09040030964347,0.03667548390183507,0.048831273559180016,0.41911014145891423,0.5580207755072829,0.0,0.0
qwen3.5-9b,4096,AR,11.395903144031763,11.395903144031763,0.6787436890881509,10.717159454943612,record_arch_main/qwen3.5-9b/sweep_causal_conv1d+fla_3gpu_20260930-103640.json,0.6787436890881509,0,0,0,0,0,0,0,10.717159454943612,5.956032448763142,0,0.0,0,0.0,0.0,0.0,0.0,0.0,0.0,0.0,0.0,0.0,0.0,0.0,0.0,94.04396755123686,100.0
qwen3.5-9b,8192,DFlash,5.409160283161327,5.410866926191375,1.3594298490788788,4.0497304340824485,record_arch_main/qwen3.5-9b/sweep_causal_conv1d+fla_3gpu_20260930-103640.json,1.3579281210288172,0.0015017280500615015,0.0391464958190918,0.44408176279067996,0.18143481397628783,3.35907914352417,0.0020218240171670913,0.0239663939550514,0,25.104231524734747,0,0.027762683511826577,0,0.723707447548828,0.9666444830410362,8.209809647776623,10.965711669431055,3.354214045775145,4.480170147853204,62.09982636271579,82.94574659227263,0.03737777975374502,0.04992490364670847,0.4430705081832867,0.5918022037553591,0.0,0.0
qwen3.5-9b,8192,AR,12.059600274078548,12.06000713002868,1.3534732300322503,10.706127044046298,record_arch_main/qwen3.5-9b/sweep_causal_conv1d+fla_3gpu_20260930-103640.json,1.3534732300322503,0,0,0,0,0,0,0,10.706127044046298,11.223201426845524,0,0.0,0,0.0,0.0,0.0,0.0,0.0,0.0,0.0,0.0,0.0,0.0,0.0,0.0,88.77679857315448,100.0
qwen3.5-9b,16384,DFlash,4.756918626837432,4.7736057550646365,2.8197034830227494,1.937215143814683,record_arch_main/qwen3.5-9b/sweep_causal_conv1d+fla_3gpu_20260930-103640.json,2.816709019109956,0.002994463912793435,0.07634719848632812,0.2034909119606018,0.08402537584304809,1.5623980827331543,0.0009024960100650788,0.01005107878148559,0,59.21289052999008,0,0.0629496560210083,0,1.6049717154208805,3.9410799946560617,4.277788373602887,10.504301115460827,1.7663824512152972,4.337431292096388,32.84475109408991,80.65175867129271,0.018972281866950706,0.0465872886110069,0.21129389779299004,0.5188416378829986,0.0,0.0
qwen3.5-9b,16384,AR,13.47822552989237,13.480611560866237,2.782159610884264,10.696065919008106,record_arch_main/qwen3.5-9b/sweep_causal_conv1d+fla_3gpu_20260930-103640.json,2.782159610884264,0,0,0,0,0,0,0,10.696065919008106,20.641883493594285,0,0.0,0,0.0,0.0,0.0,0.0,0.0,0.0,0.0,0.0,0.0,0.0,0.0,0.0,79.35811650640571,100.0
qwen3.5-9b,32768,DFlash,12.078851385973394,12.03519544401206,6.0018070510122925,6.077044334961101,record_arch_main/qwen3.5-9b/sweep_causal_conv1d+fla_3gpu_20260930-103640.json,5.995821739042876,0.005985311969416216,0.1456875457763672,0.6242469768524169,0.23617446184158325,5.038473365783691,0.0025619200319051743,0.029900064675137727,0,49.63900579160651,0,0.04955199611418913,0,1.2061374142374774,2.3973421575720613,5.1680988274872375,10.27221363617734,1.9552725196688951,3.8863376474460916,41.71318285805416,82.90993265916237,0.021209964010983795,0.042157336538858295,0.24754062882054562,0.4920165631032724,0.0,0.0
qwen3.5-9b,32768,AR,16.431199703132734,16.431199703132734,5.838929491117597,10.592270212015137,record_arch_main/qwen3.5-9b/sweep_causal_conv1d+fla_3gpu_20260930-103640.json,5.838929491117597,0,0,0,0,0,0,0,10.592270212015137,35.53562488808629,0,0.0,0,0.0,0.0,0.0,0.0,0.0,0.0,0.0,0.0,0.0,0.0,0.0,0.0,64.46437511191371,100.0
qwen3.5-9b,65536,DFlash,16.764115086058155,16.768342525931075,13.521049408009276,3.243065678048879,record_arch_main/qwen3.5-9b/sweep_causal_conv1d+fla_3gpu_20260930-103640.json,13.508756032286561,0.0122933757227147,0.28652545166015625,0.23775179386138917,0.08432809591293335,2.622932228088379,0.000919776014983654,0.010608332511037766,0,80.58138448071793,0,0.0733314920567353,0,1.7091594169408,8.835018470317818,1.418218573667005,7.331081682083831,0.5030274218474237,2.6002586529073177,15.646112035282647,80.87817172011175,0.005486576596867819,0.028361313223141928,0.06328000289058004,0.32710816135614135,0.0,0.0
qwen3.5-9b,65536,AR,23.886505656177178,23.913473157212138,13.206871148198843,10.679634507978335,record_arch_main/qwen3.5-9b/sweep_causal_conv1d+fla_3gpu_20260930-103640.json,13.206871148198843,0,0,0,0,0,0,0,10.679634507978335,55.29009281767204,0,0.0,0,0.0,0.0,0.0,0.0,0.0,0.0,0.0,0.0,0.0,0.0,0.0,0.0,44.70990718232796,100.0
qwen3.5-35b-a3b,4096,DFlash,8.028136590030044,8.0311198849231,0.7082599389832467,7.319876651046798,record_arch_main/qwen3.5-35b-a3b/sweep_causal_conv1d+fla_3gpu_20260930-023904.json,0.7078768669724231,0.0003830720108235255,0.011581184387207032,0.24282326316833494,0.07309670424461365,6.9705184478759765,0.0013321600183844567,0.02052489135228086,0,8.817449217935813,0,0.004771618002853285,0,0.14425744078133193,0.15821556754717764,3.0246528624075912,3.3173135934416242,0.9105064845980665,0.9986056832550623,86.82610677716298,95.22726652612569,0.016593639176977072,0.018199214029022578,0.25566195993439184,0.28039941560143156,0.0,0.0
qwen3.5-35b-a3b,4096,AR,34.293299260083586,34.282694949768484,0.6980620210524648,33.59523723903112,record_arch_main/qwen3.5-35b-a3b/sweep_causal_conv1d+fla_3gpu_20260930-023904.json,0.6980620210524648,0,0,0,0,0,0,0,33.59523723903112,2.035563903485335,0,0.0,0,0.0,0.0,0.0,0.0,0.0,0.0,0.0,0.0,0.0,0.0,0.0,0.0,97.96443609651466,100.0
qwen3.5-35b-a3b,8192,DFlash,11.111380659043789,11.115354932146147,1.2008679939899594,9.91051266505383,record_arch_main/qwen3.5-35b-a3b/sweep_causal_conv1d+fla_3gpu_20260930-023904.json,1.2001057860128348,0.0007622079771244898,0.020165536880493166,0.3217542376518249,0.09888505625724793,9.441885833740235,0.0017581760175526143,0.026063824506476152,0,10.800690056784646,0,0.006859705382373994,0,0.18148542921243552,0.20347622329973217,2.8957178907370285,3.246595292556213,0.8899439168863618,0.9977794247308076,84.97491107061735,95.2714168565058,0.015823200297989948,0.01774051531917461,0.23456873008182158,0.2629916875882887,0.0,0.0
qwen3.5-35b-a3b,8192,AR,34.6025597427506,34.6025597427506,1.1772648598998785,33.42529488285072,record_arch_main/qwen3.5-35b-a3b/sweep_causal_conv1d+fla_3gpu_20260930-023904.json,1.1772648598998785,0,0,0,0,0,0,0,33.42529488285072,3.402247893370146,0,0.0,0,0.0,0.0,0.0,0.0,0.0,0.0,0.0,0.0,0.0,0.0,0.0,0.0,96.59775210662986,100.0
qwen3.5-35b-a3b,16384,DFlash,10.889836371177807,10.887461110018194,2.281610195990652,8.608226175187156,record_arch_main/qwen3.5-35b-a3b/sweep_causal_conv1d+fla_3gpu_20260930-023904.json,2.280102388028405,0.0015078079622471705,0.038335487365722655,0.2750082879066467,0.07830867183208466,8.197087982177734,0.0014571200087666512,0.01802862589620169,0,20.937893925230732,0,0.013846011187439826,0,0.35202996683389487,0.4453355033377615,2.525366576071912,3.1947149425435217,0.7190987005033856,0.9096957983957956,75.27282966228046,95.22389183738562,0.013380550075327293,0.016927064636925285,0.1655546078168645,0.20943485370038759,0.0,0.0
qwen3.5-35b-a3b,16384,AR,35.7489320889581,35.75102401524782,2.2461379459127784,33.50279414304532,record_arch_main/qwen3.5-35b-a3b/sweep_causal_conv1d+fla_3gpu_20260930-023904.json,2.2461379459127784,0,0,0,0,0,0,0,33.50279414304532,6.283091031428463,0,0.0,0,0.0,0.0,0.0,0.0,0.0,0.0,0.0,0.0,0.0,0.0,0.0,0.0,93.71690896857153,100.0
qwen3.5-35b-a3b,32768,DFlash,13.964807823300362,13.966315811965615,4.800852483138442,9.16395534016192,record_arch_main/qwen3.5-35b-a3b/sweep_causal_conv1d+fla_3gpu_20260930-023904.json,4.797848835103563,0.0030036480348790066,0.07480729675292969,0.2797175679206848,0.0747358399629593,8.716026718139648,0.001392960011959076,0.017274957373738076,0,34.35671221410097,0,0.02150869580795378,0,0.535684398235064,0.8163210532582964,2.003017667410893,3.052367209765804,0.5351727063387304,0.815541294002408,62.41422602033168,95.11206018148975,0.009974788264790256,0.01520042340073717,0.12370350950991757,0.18850983808300448,0.0,0.0
qwen3.5-35b-a3b,32768,AR,38.41121342917904,38.41121342917904,4.7341828271746635,33.67703060200438,record_arch_main/qwen3.5-35b-a3b/sweep_causal_conv1d+fla_3gpu_20260930-023904.json,4.7341828271746635,0,0,0,0,0,0,0,33.67703060200438,12.32500200990356,0,0.0,0,0.0,0.0,0.0,0.0,0.0,0.0,0.0,0.0,0.0,0.0,0.0,0.0,87.67499799009644,100.0
qwen3.5-35b-a3b,65536,DFlash,20.88511273614131,20.887552223168314,11.107134231133386,9.777978505007923,record_arch_main/qwen3.5-35b-a3b/sweep_causal_conv1d+fla_3gpu_20260930-023904.json,11.101138423255062,0.005995807878323831,0.14857933044433594,0.28183245229721066,0.06717980766296387,9.263478134155273,0.0012618880160152912,0.01564689243212314,0,53.15335647695471,0,0.0287085253217149,0,0.7114126331107713,1.5195301397752004,1.3494418529496597,2.882318182156633,0.32166361039895386,0.6870521102961806,44.35445597631365,94.73817240865132,0.006042045508481345,0.012905407956961639,0.0749188794420366,0.16002175116369272,0.0,0.0
qwen3.5-35b-a3b,65536,AR,44.656986427959055,44.65363998617977,10.95733095984906,33.699655468109995,record_arch_main/qwen3.5-35b-a3b/sweep_causal_conv1d+fla_3gpu_20260930-023904.json,10.95733095984906,0,0,0,0,0,0,0,33.699655468109995,24.536655597048625,0,0.0,0,0.0,0.0,0.0,0.0,0.0,0.0,0.0,0.0,0.0,0.0,0.0,0.0,75.46334440295138,100.0
