model,context,first_draft_ms,steady_draft_mean_ms,draft_logits_mean_ms,verify_mean_ms,ar_step_mean_ms,verify_steps,steady_draft_calls,first_draft_stage_status,source
qwen3-8b,4096,15.714079856872559,5.334115686087773,1.9985251155766572,47.797089229930535,37.697881753282516,88,87,not_saved_in_arch_record,record_arch_main/qwen3-8b/sweep_causal_conv1d+fla_3gpu_20260930-113850.json
qwen3-8b,8192,26.696704864501953,5.892092107522368,1.9977152216434482,63.05513004302979,38.15173588273134,100,99,not_saved_in_arch_record,record_arch_main/qwen3-8b/sweep_causal_conv1d+fla_3gpu_20260930-113850.json
qwen3-8b,16384,49.21651077270508,6.866958740538201,1.9984463369637204,103.46352480168927,39.87221315722255,114,113,not_saved_in_arch_record,record_arch_main/qwen3-8b/sweep_causal_conv1d+fla_3gpu_20260930-113850.json
qwen3-8b,32768,96.3430404663086,8.964132701649383,1.997147346100612,171.37760711134524,49.66796029395625,171,170,not_saved_in_arch_record,record_arch_main/qwen3-8b/sweep_causal_conv1d+fla_3gpu_20260930-113850.json
qwen3-8b,65536,187.6571807861328,13.270458686291873,1.9961214500665665,306.4691944885254,68.45812241218108,200,199,not_saved_in_arch_record,record_arch_main/qwen3-8b/sweep_causal_conv1d+fla_3gpu_20260930-113850.json
qwen3.5-9b,4096,23.7076473236084,7.871999996049063,3.2332733664019355,59.45819341725317,42.02807629389652,29,28,not_saved_in_arch_record,record_arch_main/qwen3.5-9b/sweep_causal_conv1d+fla_3gpu_20260930-103640.json
qwen3.5-9b,8192,39.1464958190918,8.059474632956764,3.239907392433711,59.98355613436018,41.98481193743646,56,55,not_saved_in_arch_record,record_arch_main/qwen3.5-9b/sweep_causal_conv1d+fla_3gpu_20260930-103640.json
qwen3.5-9b,16384,76.34719848632812,8.124073009490965,3.231745224732619,60.09223395127516,41.945356545129826,26,25,not_saved_in_arch_record,record_arch_main/qwen3.5-9b/sweep_causal_conv1d+fla_3gpu_20260930-103640.json
qwen3.5-9b,32768,145.6875457763672,8.651675144831339,3.2352666005696338,69.02018309292727,41.5383145569221,73,72,not_saved_in_arch_record,record_arch_main/qwen3.5-9b/sweep_causal_conv1d+fla_3gpu_20260930-103640.json
qwen3.5-9b,65536,286.52545166015625,9.494191398620604,3.2433883043435903,100.88200877262996,41.880919639130724,26,25,not_saved_in_arch_record,record_arch_main/qwen3.5-9b/sweep_causal_conv1d+fla_3gpu_20260930-103640.json
qwen3.5-35b-a3b,4096,11.581184387207031,6.533171924384865,1.9235974801214117,183.43469599673622,131.74602838835733,38,37,not_saved_in_arch_record,record_arch_main/qwen3.5-35b-a3b/sweep_causal_conv1d+fla_3gpu_20260930-023904.json
qwen3.5-35b-a3b,8192,20.165536880493164,6.4188786983489985,1.9389226717107437,185.13501634784774,131.0795877758852,51,50,not_saved_in_arch_record,record_arch_main/qwen3.5-35b-a3b/sweep_causal_conv1d+fla_3gpu_20260930-023904.json
qwen3.5-35b-a3b,16384,38.335487365722656,6.690556130758146,1.8644921864782062,195.16876148042226,131.38350644331499,42,41,not_saved_in_arch_record,record_arch_main/qwen3.5-35b-a3b/sweep_causal_conv1d+fla_3gpu_20260930-023904.json
qwen3.5-35b-a3b,32768,74.80729675292969,7.1535844191526765,1.8683959990739822,217.90066795349122,132.06678667452698,40,39,not_saved_in_arch_record,record_arch_main/qwen3.5-35b-a3b/sweep_causal_conv1d+fla_3gpu_20260930-023904.json
qwen3.5-35b-a3b,65536,148.57933044433594,8.03878676550729,1.8661057684156632,257.3188370598687,132.15551163964705,36,35,not_saved_in_arch_record,record_arch_main/qwen3.5-35b-a3b/sweep_causal_conv1d+fla_3gpu_20260930-023904.json
