model,context,mode,phase,phase_label,count,peak_occurrence,peak_interval_label,allocated_before_gb,allocated_after_gb,interval_peak_gb,target_weights_gb,source,target_attention_kv_gb,gdn_recurrent_gb,gdn_conv_working_gb,gdn_conv_recording_gb,draft_weights_gb,draft_kv_gb,selected_hidden_gb,context_feature_gb,unclassified_cache_gb,peak_minus_probed_gb,borrowed_gb
qwen3-8b,4096,DFlash,prefill: target forward,P1 Target fwd,1,0,target layer 35,18.506541568,19.278597632,19.718728192,16.381471232,record_arch_main/qwen3-8b/sweep_causal_conv1d+fla_3gpu_20260930-113850.json,0.603979776,0.0,0.0,0.0,2.097253376,0.0,0.16777216,0.0,0.0,0.4682516480000025,0.44013056000000006
qwen3-8b,4096,DFlash,prefill: context-feature build,P2 Feature build,1,0,prefill: context-feature build,19.278597632,19.278597632,19.446369792,16.381471232,record_arch_main/qwen3-8b/sweep_causal_conv1d+fla_3gpu_20260930-113850.json,0.603979776,0.0,0.0,0.0,2.097253376,0.0,0.0,0.0,0.0,0.36366540799999925,0.1677721599999984
qwen3-8b,4096,DFlash,prefill: first token,P3 First token,1,0,prefill: first token,19.278597632,19.278597632,19.278599168,16.381471232,record_arch_main/qwen3-8b/sweep_causal_conv1d+fla_3gpu_20260930-113850.json,0.603979776,0.0,0.0,0.0,2.097253376,0.0,0.0,0.0,0.0,0.19589478400000004,1.5359999991915174e-06
qwen3-8b,4096,DFlash,prefill: context-feature concat,P4 Feature concat,1,0,prefill: context-feature concat,19.278597632,19.278597632,19.278597632,16.381471232,record_arch_main/qwen3-8b/sweep_causal_conv1d+fla_3gpu_20260930-113850.json,0.603979776,0.0,0.0,0.0,2.097253376,0.0,0.0,0.16777216,0.0,0.02812108800000246,0.0
qwen3-8b,4096,DFlash,prefill: rollback/crop,P5 Crop,1,0,prefill: rollback/crop,19.278597632,19.278598144,19.278598144,16.381471232,record_arch_main/qwen3-8b/sweep_causal_conv1d+fla_3gpu_20260930-113850.json,0.603979776,0.0,0.0,0.0,2.097253376,0.0,0.0,0.16777216,0.0,0.02812160000000219,0.0
qwen3-8b,4096,DFlash,decode: first draft forward,D1 First draft,1,0,decode: first draft forward,19.278598144,19.363074048,19.451859968,16.381471232,record_arch_main/qwen3-8b/sweep_causal_conv1d+fla_3gpu_20260930-113850.json,0.603979776,0.0,0.0,0.0,2.097253376,0.08421376,0.0,0.16777216,0.0,0.11716966400000217,0.08878591999999941
qwen3-8b,4096,DFlash,decode: draft forward,D1s Steady draft,87,84,decode: draft forward,19.24868864,19.248573952,19.257961984,16.381471232,record_arch_main/qwen3-8b/sweep_causal_conv1d+fla_3gpu_20260930-113850.json,0.641728512,0.0,0.0,0.0,2.097253376,0.08912896,0.00065536,0.00065536,0.0,0.047069184000001485,0.00927334400000035
qwen3-8b,4096,DFlash,decode: draft rollback/crop,D2 Draft crop,88,0,decode: draft rollback/crop,19.363074048,19.363074048,19.363074048,16.381471232,record_arch_main/qwen3-8b/sweep_causal_conv1d+fla_3gpu_20260930-113850.json,0.603979776,0.0,0.0,0.0,2.097253376,0.08421376,0.0,0.16777216,0.0,0.028383744000002764,0.0
qwen3-8b,4096,DFlash,decode: draft logits,D3 Draft logits,88,0,decode: draft logits,19.363074048,19.367632384,19.376754176,16.381471232,record_arch_main/qwen3-8b/sweep_causal_conv1d+fla_3gpu_20260930-113850.json,0.603979776,0.0,0.0,0.0,2.097253376,0.08421376,0.0,0.16777216,0.0,0.04206387199999995,0.009121791999998408
qwen3-8b,4096,DFlash,decode: target verify,D4 Verify,88,0,target layer 35,19.367632384,19.375205376,19.443610624,16.381471232,record_arch_main/qwen3-8b/sweep_causal_conv1d+fla_3gpu_20260930-113850.json,0.606339072,0.0,0.0,0.0,2.097253376,0.08421376,0.00065536,0.16777216,0.0,0.10590566400000156,0.06840524800000125
qwen3-8b,4096,DFlash,decode: verify rollback/crop,D5 Verify crop,88,0,decode: verify rollback/crop,19.375205376,19.375205376,19.375205376,16.381471232,record_arch_main/qwen3-8b/sweep_causal_conv1d+fla_3gpu_20260930-113850.json,0.606339072,0.0,0.0,0.0,2.097253376,0.08421376,0.00065536,0.16777216,0.0,0.037500416000000314,0.0
qwen3-8b,4096,DFlash,decode: context-feature build,D6 Feature build,88,0,decode: context-feature build,19.375205376,19.208088576,19.375860736,16.381471232,record_arch_main/qwen3-8b/sweep_causal_conv1d+fla_3gpu_20260930-113850.json,0.606339072,0.0,0.0,0.0,2.097253376,0.08421376,0.00065536,0.00065536,0.0,0.2052725759999987,0.0006553599999996607
qwen3-8b,8192,DFlash,prefill: target forward,P1 Target fwd,1,0,target layer 35,18.50667264,20.05048064,20.931045888,16.381471232,record_arch_main/qwen3-8b/sweep_causal_conv1d+fla_3gpu_20260930-113850.json,1.207959552,0.0,0.0,0.0,2.097253376,0.0,0.33554432,0.0,0.0,0.9088174080000009,0.8805652479999999
qwen3-8b,8192,DFlash,prefill: context-feature build,P2 Feature build,1,0,prefill: context-feature build,20.05048064,20.05048064,20.38602496,16.381471232,record_arch_main/qwen3-8b/sweep_causal_conv1d+fla_3gpu_20260930-113850.json,1.207959552,0.0,0.0,0.0,2.097253376,0.0,0.0,0.0,0.0,0.6993408000000017,0.33554432000000034
qwen3-8b,8192,DFlash,prefill: first token,P3 First token,1,0,prefill: first token,20.05048064,20.05048064,20.050482176,16.381471232,record_arch_main/qwen3-8b/sweep_causal_conv1d+fla_3gpu_20260930-113850.json,1.207959552,0.0,0.0,0.0,2.097253376,0.0,0.0,0.0,0.0,0.3637980160000005,1.5359999991915174e-06
qwen3-8b,8192,DFlash,prefill: context-feature concat,P4 Feature concat,1,0,prefill: context-feature concat,20.05048064,20.05048064,20.05048064,16.381471232,record_arch_main/qwen3-8b/sweep_causal_conv1d+fla_3gpu_20260930-113850.json,1.207959552,0.0,0.0,0.0,2.097253376,0.0,0.0,0.33554432,0.0,0.02825216000000097,0.0
qwen3-8b,8192,DFlash,prefill: rollback/crop,P5 Crop,1,0,prefill: rollback/crop,20.05048064,20.050481152,20.050481152,16.381471232,record_arch_main/qwen3-8b/sweep_causal_conv1d+fla_3gpu_20260930-113850.json,1.207959552,0.0,0.0,0.0,2.097253376,0.0,0.0,0.33554432,0.0,0.0282526720000007,0.0
qwen3-8b,8192,DFlash,decode: first draft forward,D1 First draft,1,0,decode: first draft forward,20.050481152,20.218843136,20.391834624,16.381471232,record_arch_main/qwen3-8b/sweep_causal_conv1d+fla_3gpu_20260930-113850.json,1.207959552,0.0,0.0,0.0,2.097253376,0.16809984,0.0,0.33554432,0.0,0.20150630400000225,0.17299148800000097
qwen3-8b,8192,DFlash,decode: draft forward,D1s Steady draft,99,92,decode: draft forward,19.936390144,19.936357376,19.954174976,16.381471232,record_arch_main/qwen3-8b/sweep_causal_conv1d+fla_3gpu_20260930-113850.json,1.245708288,0.0,0.0,0.0,2.097253376,0.17301504,0.00065536,0.00065536,0.0,0.05541632000000263,0.01778483200000025
qwen3-8b,8192,DFlash,decode: draft rollback/crop,D2 Draft crop,100,0,decode: draft rollback/crop,20.218843136,20.218843136,20.218843136,16.381471232,record_arch_main/qwen3-8b/sweep_causal_conv1d+fla_3gpu_20260930-113850.json,1.207959552,0.0,0.0,0.0,2.097253376,0.16809984,0.0,0.33554432,0.0,0.028514816000001275,0.0
qwen3-8b,8192,DFlash,decode: draft logits,D3 Draft logits,100,0,decode: draft logits,20.218843136,20.223401472,20.232523264,16.381471232,record_arch_main/qwen3-8b/sweep_causal_conv1d+fla_3gpu_20260930-113850.json,1.207959552,0.0,0.0,0.0,2.097253376,0.16809984,0.0,0.33554432,0.0,0.04219494400000201,0.00912179200000196
qwen3-8b,8192,DFlash,decode: target verify,D4 Verify,100,0,target layer 35,20.223401472,20.230974464,20.366685184,16.381471232,record_arch_main/qwen3-8b/sweep_causal_conv1d+fla_3gpu_20260930-113850.json,1.210318848,0.0,0.0,0.0,2.097253376,0.16809984,0.00065536,0.33554432,0.0,0.1733422080000011,0.13571072000000228
qwen3-8b,8192,DFlash,decode: verify rollback/crop,D5 Verify crop,100,0,decode: verify rollback/crop,20.230974464,20.230974464,20.230974464,16.381471232,record_arch_main/qwen3-8b/sweep_causal_conv1d+fla_3gpu_20260930-113850.json,1.210318848,0.0,0.0,0.0,2.097253376,0.16809984,0.00065536,0.33554432,0.0,0.037631487999998825,0.0
qwen3-8b,8192,DFlash,decode: context-feature build,D6 Feature build,100,0,decode: context-feature build,20.230974464,19.896085504,20.231629824,16.381471232,record_arch_main/qwen3-8b/sweep_causal_conv1d+fla_3gpu_20260930-113850.json,1.210318848,0.0,0.0,0.0,2.097253376,0.16809984,0.00065536,0.00065536,0.0,0.37317580799999917,0.0006553599999996607
qwen3-8b,16384,DFlash,prefill: target forward,P1 Target fwd,1,0,target layer 35,18.506935296,21.594435584,23.355979264,16.381471232,record_arch_main/qwen3-8b/sweep_causal_conv1d+fla_3gpu_20260930-113850.json,2.41606656,0.0,0.0,0.0,2.097253376,0.0,0.6711296,0.0,0.0,1.7900584959999968,1.761543679999999
qwen3-8b,16384,DFlash,prefill: context-feature build,P2 Feature build,1,0,prefill: context-feature build,21.594435584,21.594435584,22.265565184,16.381471232,record_arch_main/qwen3-8b/sweep_causal_conv1d+fla_3gpu_20260930-113850.json,2.41606656,0.0,0.0,0.0,2.097253376,0.0,0.0,0.0,0.0,1.3707740159999986,0.6711296000000004
qwen3-8b,16384,DFlash,prefill: first token,P3 First token,1,0,prefill: first token,21.594435584,21.594435584,21.59443712,16.381471232,record_arch_main/qwen3-8b/sweep_causal_conv1d+fla_3gpu_20260930-113850.json,2.41606656,0.0,0.0,0.0,2.097253376,0.0,0.0,0.0,0.0,0.6996459519999974,1.5359999991915174e-06
qwen3-8b,16384,DFlash,prefill: context-feature concat,P4 Feature concat,1,0,prefill: context-feature concat,21.594435584,21.594435584,21.594435584,16.381471232,record_arch_main/qwen3-8b/sweep_causal_conv1d+fla_3gpu_20260930-113850.json,2.41606656,0.0,0.0,0.0,2.097253376,0.0,0.0,0.6711296,0.0,0.028514815999997722,0.0
qwen3-8b,16384,DFlash,prefill: rollback/crop,P5 Crop,1,0,prefill: rollback/crop,21.594435584,21.594436096,21.594436096,16.381471232,record_arch_main/qwen3-8b/sweep_causal_conv1d+fla_3gpu_20260930-113850.json,2.41606656,0.0,0.0,0.0,2.097253376,0.0,0.0,0.6711296,0.0,0.028515327999997453,0.0
qwen3-8b,16384,DFlash,decode: first draft forward,D1 First draft,1,0,decode: first draft forward,21.594436096,21.93059072,22.276128256,16.381471232,record_arch_main/qwen3-8b/sweep_causal_conv1d+fla_3gpu_20260930-113850.json,2.41606656,0.0,0.0,0.0,2.097253376,0.33589248,0.0,0.6711296,0.0,0.37431500799999995,0.34553753599999837
qwen3-8b,16384,DFlash,decode: draft forward,D1s Steady draft,113,107,decode: draft forward,21.312552448,21.312503296,21.347091968,16.381471232,record_arch_main/qwen3-8b/sweep_causal_conv1d+fla_3gpu_20260930-113850.json,2.453815296,0.0,0.0,0.0,2.097253376,0.34080768,0.00065536,0.00065536,0.0,0.07243366400000184,0.03453951999999916
qwen3-8b,16384,DFlash,decode: draft rollback/crop,D2 Draft crop,114,0,decode: draft rollback/crop,21.93059072,21.93059072,21.93059072,16.381471232,record_arch_main/qwen3-8b/sweep_causal_conv1d+fla_3gpu_20260930-113850.json,2.41606656,0.0,0.0,0.0,2.097253376,0.33589248,0.0,0.6711296,0.0,0.02877747200000158,0.0
qwen3-8b,16384,DFlash,decode: draft logits,D3 Draft logits,114,0,decode: draft logits,21.93059072,21.935149056,21.944270848,16.381471232,record_arch_main/qwen3-8b/sweep_causal_conv1d+fla_3gpu_20260930-113850.json,2.41606656,0.0,0.0,0.0,2.097253376,0.33589248,0.0,0.6711296,0.0,0.04245759999999876,0.009121791999998408
qwen3-8b,16384,DFlash,decode: target verify,D4 Verify,114,0,target layer 35,21.935149056,21.942722048,22.213454848,16.381471232,record_arch_main/qwen3-8b/sweep_causal_conv1d+fla_3gpu_20260930-113850.json,2.418425856,0.0,0.0,0.0,2.097253376,0.33589248,0.00065536,0.6711296,0.0,0.3086269440000038,0.2707328000000011
qwen3-8b,16384,DFlash,decode: verify rollback/crop,D5 Verify crop,114,0,decode: verify rollback/crop,21.942722048,21.942722048,21.942722048,16.381471232,record_arch_main/qwen3-8b/sweep_causal_conv1d+fla_3gpu_20260930-113850.json,2.418425856,0.0,0.0,0.0,2.097253376,0.33589248,0.00065536,0.6711296,0.0,0.03789414400000268,0.0
qwen3-8b,16384,DFlash,decode: context-feature build,D6 Feature build,114,0,decode: context-feature build,21.942722048,21.272247808,21.943377408,16.381471232,record_arch_main/qwen3-8b/sweep_causal_conv1d+fla_3gpu_20260930-113850.json,2.418425856,0.0,0.0,0.0,2.097253376,0.33589248,0.00065536,0.00065536,0.0,0.7090237440000031,0.0006553599999996607
qwen3-8b,32768,DFlash,prefill: target forward,P1 Target fwd,1,0,target layer 35,18.507459072,24.681778688,28.204952064,16.381471232,record_arch_main/qwen3-8b/sweep_causal_conv1d+fla_3gpu_20260930-113850.json,4.831838208,0.0,0.0,0.0,2.097253376,0.0,1.34217728,0.0,0.0,3.552211967999998,3.523173375999999
qwen3-8b,32768,DFlash,prefill: context-feature build,P2 Feature build,1,0,prefill: context-feature build,24.681778688,24.681778688,26.023955968,16.381471232,record_arch_main/qwen3-8b/sweep_causal_conv1d+fla_3gpu_20260930-113850.json,4.831838208,0.0,0.0,0.0,2.097253376,0.0,0.0,0.0,0.0,2.7133931519999983,1.3421772799999978
qwen3-8b,32768,DFlash,prefill: first token,P3 First token,1,0,prefill: first token,24.681778688,24.681778688,24.681780224,16.381471232,record_arch_main/qwen3-8b/sweep_causal_conv1d+fla_3gpu_20260930-113850.json,4.831838208,0.0,0.0,0.0,2.097253376,0.0,0.0,0.0,0.0,1.3712174079999997,1.5359999991915174e-06
qwen3-8b,32768,DFlash,prefill: context-feature concat,P4 Feature concat,1,0,prefill: context-feature concat,24.681778688,24.681778688,24.681778688,16.381471232,record_arch_main/qwen3-8b/sweep_causal_conv1d+fla_3gpu_20260930-113850.json,4.831838208,0.0,0.0,0.0,2.097253376,0.0,0.0,1.34217728,0.0,0.02903859199999914,0.0
qwen3-8b,32768,DFlash,prefill: rollback/crop,P5 Crop,1,0,prefill: rollback/crop,24.681778688,24.6817792,24.6817792,16.381471232,record_arch_main/qwen3-8b/sweep_causal_conv1d+fla_3gpu_20260930-113850.json,4.831838208,0.0,0.0,0.0,2.097253376,0.0,0.0,1.34217728,0.0,0.029039103999998872,0.0
qwen3-8b,32768,DFlash,decode: first draft forward,D1 First draft,1,0,decode: first draft forward,24.6817792,25.353457664,26.044870144,16.381471232,record_arch_main/qwen3-8b/sweep_causal_conv1d+fla_3gpu_20260930-113850.json,4.831838208,0.0,0.0,0.0,2.097253376,0.67141632,0.0,1.34217728,0.0,0.7207137279999998,0.6914124800000003
qwen3-8b,32768,DFlash,decode: draft forward,D1s Steady draft,170,162,decode: draft forward,24.064371712,24.064289792,24.132414464,16.381471232,record_arch_main/qwen3-8b/sweep_causal_conv1d+fla_3gpu_20260930-113850.json,4.869586944,0.0,0.0,0.0,2.097253376,0.67633152,0.00065536,0.00065536,0.0,0.1064606719999972,0.0680427520000002
qwen3-8b,32768,DFlash,decode: draft rollback/crop,D2 Draft crop,171,0,decode: draft rollback/crop,25.353457664,25.353457664,25.353457664,16.381471232,record_arch_main/qwen3-8b/sweep_causal_conv1d+fla_3gpu_20260930-113850.json,4.831838208,0.0,0.0,0.0,2.097253376,0.67141632,0.0,1.34217728,0.0,0.029301247999999447,0.0
qwen3-8b,32768,DFlash,decode: draft logits,D3 Draft logits,171,0,decode: draft logits,25.353457664,25.358016,25.367137792,16.381471232,record_arch_main/qwen3-8b/sweep_causal_conv1d+fla_3gpu_20260930-113850.json,4.831838208,0.0,0.0,0.0,2.097253376,0.67141632,0.0,1.34217728,0.0,0.04298137600000018,0.00912179200000196
qwen3-8b,32768,DFlash,decode: target verify,D4 Verify,171,0,target layer 35,25.358016,25.365588992,25.905132544,16.381471232,record_arch_main/qwen3-8b/sweep_causal_conv1d+fla_3gpu_20260930-113850.json,4.834197504,0.0,0.0,0.0,2.097253376,0.67141632,0.00065536,1.34217728,0.0,0.5779614720000019,0.5395435520000014
qwen3-8b,32768,DFlash,decode: verify rollback/crop,D5 Verify crop,171,0,decode: verify rollback/crop,25.365588992,25.365588992,25.365588992,16.381471232,record_arch_main/qwen3-8b/sweep_causal_conv1d+fla_3gpu_20260930-113850.json,4.834197504,0.0,0.0,0.0,2.097253376,0.67141632,0.00065536,1.34217728,0.0,0.03841792000000055,0.0
qwen3-8b,32768,DFlash,decode: context-feature build,D6 Feature build,171,0,decode: context-feature build,25.365588992,24.024067072,25.366244352,16.381471232,record_arch_main/qwen3-8b/sweep_causal_conv1d+fla_3gpu_20260930-113850.json,4.834197504,0.0,0.0,0.0,2.097253376,0.67141632,0.00065536,0.00065536,0.0,1.380595200000002,0.0006553599999996607
qwen3-8b,65536,DFlash,prefill: target forward,P1 Target fwd,1,0,target layer 35,18.508507648,30.856842752,37.903493632,16.381471232,record_arch_main/qwen3-8b/sweep_causal_conv1d+fla_3gpu_20260930-113850.json,9.663676416,0.0,0.0,0.0,2.097253376,0.0,2.68435456,0.0,0.0,7.076738048000003,7.046650880000001
qwen3-8b,65536,DFlash,prefill: context-feature build,P2 Feature build,1,0,prefill: context-feature build,30.856842752,30.856842752,33.541197312,16.381471232,record_arch_main/qwen3-8b/sweep_causal_conv1d+fla_3gpu_20260930-113850.json,9.663676416,0.0,0.0,0.0,2.097253376,0.0,0.0,0.0,0.0,5.398796288000003,2.6843545600000027
qwen3-8b,65536,DFlash,prefill: first token,P3 First token,1,0,prefill: first token,30.856842752,30.856842752,30.856844288,16.381471232,record_arch_main/qwen3-8b/sweep_causal_conv1d+fla_3gpu_20260930-113850.json,9.663676416,0.0,0.0,0.0,2.097253376,0.0,0.0,0.0,0.0,2.7144432640000034,1.536000002744231e-06
qwen3-8b,65536,DFlash,prefill: context-feature concat,P4 Feature concat,1,0,prefill: context-feature concat,30.856842752,30.856842752,30.856842752,16.381471232,record_arch_main/qwen3-8b/sweep_causal_conv1d+fla_3gpu_20260930-113850.json,9.663676416,0.0,0.0,0.0,2.097253376,0.0,0.0,2.68435456,0.0,0.03008716800000144,0.0
qwen3-8b,65536,DFlash,prefill: rollback/crop,P5 Crop,1,0,prefill: rollback/crop,30.856842752,30.856843264,30.856843264,16.381471232,record_arch_main/qwen3-8b/sweep_causal_conv1d+fla_3gpu_20260930-113850.json,9.663676416,0.0,0.0,0.0,2.097253376,0.0,0.0,2.68435456,0.0,0.03008768000000117,0.0
qwen3-8b,65536,DFlash,decode: first draft forward,D1 First draft,1,0,decode: first draft forward,30.856843264,32.199610368,33.580069888,16.381471232,record_arch_main/qwen3-8b/sweep_causal_conv1d+fla_3gpu_20260930-113850.json,9.663676416,0.0,0.0,0.0,2.097253376,1.34250496,0.0,2.68435456,0.0,1.4108093440000005,1.3804595199999952
qwen3-8b,65536,DFlash,decode: draft forward,D1s Steady draft,199,187,decode: draft forward,29.56831488,29.56835584,29.703660032,16.381471232,record_arch_main/qwen3-8b/sweep_causal_conv1d+fla_3gpu_20260930-113850.json,9.70113024,0.0,0.0,0.0,2.097253376,1.34742016,0.00065536,0.00065536,0.0,0.1750743039999989,0.13530419199999955
qwen3-8b,65536,DFlash,decode: draft rollback/crop,D2 Draft crop,200,0,decode: draft rollback/crop,32.199610368,32.199610368,32.199610368,16.381471232,record_arch_main/qwen3-8b/sweep_causal_conv1d+fla_3gpu_20260930-113850.json,9.663676416,0.0,0.0,0.0,2.097253376,1.34250496,0.0,2.68435456,0.0,0.0303498240000053,0.0
qwen3-8b,65536,DFlash,decode: draft logits,D3 Draft logits,200,0,decode: draft logits,32.199610368,32.204168704,32.213290496,16.381471232,record_arch_main/qwen3-8b/sweep_causal_conv1d+fla_3gpu_20260930-113850.json,9.663676416,0.0,0.0,0.0,2.097253376,1.34250496,0.0,2.68435456,0.0,0.04402995200000248,0.00912179200000196
qwen3-8b,65536,DFlash,decode: target verify,D4 Verify,200,0,target layer 35,32.204168704,32.211741696,33.289729024,16.381471232,record_arch_main/qwen3-8b/sweep_causal_conv1d+fla_3gpu_20260930-113850.json,9.666035712,0.0,0.0,0.0,2.097253376,1.34250496,0.00065536,2.68435456,0.0,1.1174538240000018,1.077987328000006
qwen3-8b,65536,DFlash,decode: verify rollback/crop,D5 Verify crop,200,0,decode: verify rollback/crop,32.211741696,32.211741696,32.211741696,16.381471232,record_arch_main/qwen3-8b/sweep_causal_conv1d+fla_3gpu_20260930-113850.json,9.666035712,0.0,0.0,0.0,2.097253376,1.34250496,0.00065536,2.68435456,0.0,0.03946649599999574,0.0
qwen3-8b,65536,DFlash,decode: context-feature build,D6 Feature build,200,0,decode: context-feature build,32.211741696,29.528042496,32.212397056,16.381471232,record_arch_main/qwen3-8b/sweep_causal_conv1d+fla_3gpu_20260930-113850.json,9.666035712,0.0,0.0,0.0,2.097253376,1.34250496,0.00065536,0.00065536,0.0,2.723821056000002,0.0006553600000032134
qwen3.5-9b,4096,DFlash,prefill: target forward,P1 Target fwd,1,0,target layer 30,21.429219328,23.493313536,24.068255744,18.819627816,record_arch_main/qwen3.5-9b/sweep_causal_conv1d+fla_3gpu_20260930-103640.json,0.134217728,0.050331648,0.001572864,1.609039872,2.583809536,0.0,0.268435456,0.0,0.0,0.6012208239999985,0.5749422079999995
qwen3.5-9b,4096,DFlash,prefill: context-feature build,P2 Feature build,1,0,prefill: context-feature build,23.493313536,23.493313536,23.761748992,18.819627816,record_arch_main/qwen3.5-9b/sweep_causal_conv1d+fla_3gpu_20260930-103640.json,0.134217728,0.050331648,0.001572864,1.609039872,2.583809536,0.0,0.0,0.0,0.0,0.5631495280000003,0.2684354560000024
qwen3.5-9b,4096,DFlash,prefill: first token,P3 First token,1,0,prefill: first token,23.493313536,23.493313536,23.493315072,18.819627816,record_arch_main/qwen3.5-9b/sweep_causal_conv1d+fla_3gpu_20260930-103640.json,0.134217728,0.050331648,0.001572864,1.609039872,2.583809536,0.0,0.0,0.0,0.0,0.29471560800000063,1.536000002744231e-06
qwen3.5-9b,4096,DFlash,prefill: context-feature concat,P4 Feature concat,1,0,prefill: context-feature concat,23.493313536,23.493313536,23.493313536,18.819627816,record_arch_main/qwen3.5-9b/sweep_causal_conv1d+fla_3gpu_20260930-103640.json,0.134217728,0.050331648,0.001572864,1.609039872,2.583809536,0.0,0.0,0.268435456,0.0,0.026278615999999033,0.0
qwen3.5-9b,4096,DFlash,prefill: rollback/crop,P5 Crop,1,0,prefill: rollback/crop,23.493313536,23.493314048,23.493314048,18.819627816,record_arch_main/qwen3.5-9b/sweep_causal_conv1d+fla_3gpu_20260930-103640.json,0.134217728,0.050331648,0.001572864,1.609039872,2.583809536,0.0,0.0,0.268435456,0.0,0.026279127999998764,0.0
qwen3.5-9b,4096,DFlash,decode: first draft forward,D1 First draft,1,0,decode: first draft forward,23.493314048,23.594635264,23.699301376,18.819627816,record_arch_main/qwen3.5-9b/sweep_causal_conv1d+fla_3gpu_20260930-103640.json,0.134217728,0.050331648,0.001572864,1.609039872,2.583809536,0.101056512,0.0,0.268435456,0.0,0.13120994400000185,0.10466611200000031
qwen3.5-9b,4096,DFlash,decode: draft forward,D1s Steady draft,28,27,decode: draft forward,21.751787008,21.752022528,21.8200576,18.819627816,record_arch_main/qwen3.5-9b/sweep_causal_conv1d+fla_3gpu_20260930-103640.json,0.142409728,0.050331648,0.001572864,0.006291456,2.583809536,0.102141952,0.001048576,0.001048576,0.0,0.1117754479999995,0.06803507199999714
qwen3.5-9b,4096,DFlash,decode: draft rollback/crop,D2 Draft crop,29,0,decode: draft rollback/crop,23.594635264,23.594635264,23.594635264,18.819627816,record_arch_main/qwen3.5-9b/sweep_causal_conv1d+fla_3gpu_20260930-103640.json,0.134217728,0.050331648,0.001572864,1.609039872,2.583809536,0.101056512,0.0,0.268435456,0.0,0.026543832000001544,0.0
qwen3.5-9b,4096,DFlash,decode: draft logits,D3 Draft logits,29,0,decode: draft logits,23.594635264,23.6028928,23.619675136,18.819627816,record_arch_main/qwen3.5-9b/sweep_causal_conv1d+fla_3gpu_20260930-103640.json,0.134217728,0.050331648,0.001572864,1.609039872,2.583809536,0.101056512,0.0,0.268435456,0.0,0.05158370400000223,0.016782336000002118
qwen3.5-9b,4096,DFlash,decode: target verify,D4 Verify,29,0,target layer 0,23.6028928,22.009511424,23.603948032,18.819627816,record_arch_main/qwen3.5-9b/sweep_causal_conv1d+fla_3gpu_20260930-103640.json,0.134742016,0.050331648,0.001572864,0.006291456,2.583809536,0.101056512,0.001048576,0.268435456,0.0,1.6370321520000033,0.0010552320000023485
qwen3.5-9b,4096,DFlash,decode: verify rollback/crop,D5 Verify crop,29,0,decode: verify rollback/crop,22.009511424,22.009511424,22.009511424,18.819627816,record_arch_main/qwen3.5-9b/sweep_causal_conv1d+fla_3gpu_20260930-103640.json,0.134742016,0.050331648,0.001572864,0.006291456,2.583809536,0.101056512,0.001048576,0.268435456,0.0,0.042595544000000984,0.0
qwen3.5-9b,4096,DFlash,decode: context-feature build,D6 Feature build,29,0,decode: context-feature build,22.009511424,21.742124544,22.01056,18.819627816,record_arch_main/qwen3.5-9b/sweep_causal_conv1d+fla_3gpu_20260930-103640.json,0.134742016,0.050331648,0.001572864,0.006291456,2.583809536,0.101056512,0.001048576,0.001048576,0.0,0.3110310000000034,0.0010485760000022992
qwen3.5-9b,8192,DFlash,prefill: target forward,P1 Target fwd,1,0,target layer 30,21.4293504,25.506710528,26.657091584,18.819627816,record_arch_main/qwen3.5-9b/sweep_causal_conv1d+fla_3gpu_20260930-103640.json,0.268435456,0.050331648,0.001572864,3.219652608,2.583809536,0.0,0.536870912,0.0,0.0,1.176790743999998,1.1503810560000005
qwen3.5-9b,8192,DFlash,prefill: context-feature build,P2 Feature build,1,0,prefill: context-feature build,25.506710528,25.506710528,26.04358144,18.819627816,record_arch_main/qwen3.5-9b/sweep_causal_conv1d+fla_3gpu_20260930-103640.json,0.268435456,0.050331648,0.001572864,3.219652608,2.583809536,0.0,0.0,0.0,0.0,1.100151512,0.5368709120000013
qwen3.5-9b,8192,DFlash,prefill: first token,P3 First token,1,0,prefill: first token,25.506710528,25.506710528,25.506712064,18.819627816,record_arch_main/qwen3.5-9b/sweep_causal_conv1d+fla_3gpu_20260930-103640.json,0.268435456,0.050331648,0.001572864,3.219652608,2.583809536,0.0,0.0,0.0,0.0,0.563282135999998,1.5359999991915174e-06
qwen3.5-9b,8192,DFlash,prefill: context-feature concat,P4 Feature concat,1,0,prefill: context-feature concat,25.506710528,25.506710528,25.506710528,18.819627816,record_arch_main/qwen3.5-9b/sweep_causal_conv1d+fla_3gpu_20260930-103640.json,0.268435456,0.050331648,0.001572864,3.219652608,2.583809536,0.0,0.0,0.536870912,0.0,0.026409687999997544,0.0
qwen3.5-9b,8192,DFlash,prefill: rollback/crop,P5 Crop,1,0,prefill: rollback/crop,25.506710528,25.50671104,25.50671104,18.819627816,record_arch_main/qwen3.5-9b/sweep_causal_conv1d+fla_3gpu_20260930-103640.json,0.268435456,0.050331648,0.001572864,3.219652608,2.583809536,0.0,0.0,0.536870912,0.0,0.026410199999997275,0.0
qwen3.5-9b,8192,DFlash,decode: first draft forward,D1 First draft,1,0,decode: first draft forward,25.50671104,25.708695552,25.91527424,18.819627816,record_arch_main/qwen3.5-9b/sweep_causal_conv1d+fla_3gpu_20260930-103640.json,0.268435456,0.050331648,0.001572864,3.219652608,2.583809536,0.201719808,0.0,0.536870912,0.0,0.23325359199999696,0.20657868800000045
qwen3.5-9b,8192,DFlash,decode: draft forward,D1s Steady draft,55,0,decode: draft forward,21.976792576,21.893221888,22.028375552,18.819627816,record_arch_main/qwen3.5-9b/sweep_causal_conv1d+fla_3gpu_20260930-103640.json,0.268959744,0.050331648,0.001572864,0.006291456,2.583809536,0.117837824,0.001048576,0.001048576,0.0,0.17784751200000315,0.05158297599999884
qwen3.5-9b,8192,DFlash,decode: draft rollback/crop,D2 Draft crop,56,0,decode: draft rollback/crop,25.708695552,25.708695552,25.708695552,18.819627816,record_arch_main/qwen3.5-9b/sweep_causal_conv1d+fla_3gpu_20260930-103640.json,0.268435456,0.050331648,0.001572864,3.219652608,2.583809536,0.201719808,0.0,0.536870912,0.0,0.026674903999996502,0.0
qwen3.5-9b,8192,DFlash,decode: draft logits,D3 Draft logits,56,0,decode: draft logits,25.708695552,25.716953088,25.731857408,18.819627816,record_arch_main/qwen3.5-9b/sweep_causal_conv1d+fla_3gpu_20260930-103640.json,0.268435456,0.050331648,0.001572864,3.219652608,2.583809536,0.201719808,0.0,0.536870912,0.0,0.04983675999999804,0.014904319999999416
qwen3.5-9b,8192,DFlash,decode: target verify,D4 Verify,56,0,target layer 0,25.716953088,22.512614912,25.718073856,18.819627816,record_arch_main/qwen3.5-9b/sweep_causal_conv1d+fla_3gpu_20260930-103640.json,0.268959744,0.050331648,0.001572864,0.006291456,2.583809536,0.201719808,0.001048576,0.536870912,0.0,3.2478414959999995,0.0011207679999998277
qwen3.5-9b,8192,DFlash,decode: verify rollback/crop,D5 Verify crop,56,0,decode: verify rollback/crop,22.512614912,22.512614912,22.512614912,18.819627816,record_arch_main/qwen3.5-9b/sweep_causal_conv1d+fla_3gpu_20260930-103640.json,0.268959744,0.050331648,0.001572864,0.006291456,2.583809536,0.201719808,0.001048576,0.536870912,0.0,0.04238255199999941,0.0
qwen3.5-9b,8192,DFlash,decode: context-feature build,D6 Feature build,56,0,decode: context-feature build,22.512614912,21.976792576,22.513663488,18.819627816,record_arch_main/qwen3.5-9b/sweep_causal_conv1d+fla_3gpu_20260930-103640.json,0.268959744,0.050331648,0.001572864,0.006291456,2.583809536,0.201719808,0.001048576,0.001048576,0.0,0.5792534640000007,0.0010485759999987465
qwen3.5-9b,16384,DFlash,prefill: target forward,P1 Target fwd,1,0,target layer 30,21.429612544,29.533504512,31.834763264,18.819627816,record_arch_main/qwen3.5-9b/sweep_causal_conv1d+fla_3gpu_20260930-103640.json,0.536870912,0.050331648,0.001572864,6.44087808,2.583809536,0.0,1.073741824,0.0,0.0,2.327930583999997,2.301258751999999
qwen3.5-9b,16384,DFlash,prefill: context-feature build,P2 Feature build,1,0,prefill: context-feature build,29.533504512,29.533504512,30.607246336,18.819627816,record_arch_main/qwen3.5-9b/sweep_causal_conv1d+fla_3gpu_20260930-103640.json,0.536870912,0.050331648,0.001572864,6.44087808,2.583809536,0.0,0.0,0.0,0.0,2.174155479999996,1.073741823999999
qwen3.5-9b,16384,DFlash,prefill: first token,P3 First token,1,0,prefill: first token,29.533504512,29.533504512,29.533506048,18.819627816,record_arch_main/qwen3.5-9b/sweep_causal_conv1d+fla_3gpu_20260930-103640.json,0.536870912,0.050331648,0.001572864,6.44087808,2.583809536,0.0,0.0,0.0,0.0,1.1004151919999963,1.5359999991915174e-06
qwen3.5-9b,16384,DFlash,prefill: context-feature concat,P4 Feature concat,1,0,prefill: context-feature concat,29.533504512,29.533504512,29.533504512,18.819627816,record_arch_main/qwen3.5-9b/sweep_causal_conv1d+fla_3gpu_20260930-103640.json,0.536870912,0.050331648,0.001572864,6.44087808,2.583809536,0.0,0.0,1.073741824,0.0,0.02667183199999812,0.0
qwen3.5-9b,16384,DFlash,prefill: rollback/crop,P5 Crop,1,0,prefill: rollback/crop,29.533504512,29.533505024,29.533505024,18.819627816,record_arch_main/qwen3.5-9b/sweep_causal_conv1d+fla_3gpu_20260930-103640.json,0.536870912,0.050331648,0.001572864,6.44087808,2.583809536,0.0,0.0,1.073741824,0.0,0.02667234399999785,0.0
qwen3.5-9b,16384,DFlash,decode: first draft forward,D1 First draft,1,0,decode: first draft forward,29.533505024,29.936816128,30.349374464,18.819627816,record_arch_main/qwen3.5-9b/sweep_causal_conv1d+fla_3gpu_20260930-103640.json,0.536870912,0.050331648,0.001572864,6.44087808,2.583809536,0.4030464,0.0,1.073741824,0.0,0.4394953839999971,0.412558336
qwen3.5-9b,16384,DFlash,decode: draft forward,D1s Steady draft,25,0,decode: draft forward,22.446816768,22.195539456,22.464910848,18.819627816,record_arch_main/qwen3.5-9b/sweep_causal_conv1d+fla_3gpu_20260930-103640.json,0.5373952,0.050331648,0.001572864,0.006291456,2.583809536,0.151392256,0.001048576,0.001048576,0.0,0.31239292000000063,0.018094079999997348
qwen3.5-9b,16384,DFlash,decode: draft rollback/crop,D2 Draft crop,26,0,decode: draft rollback/crop,29.936816128,29.936816128,29.936816128,18.819627816,record_arch_main/qwen3.5-9b/sweep_causal_conv1d+fla_3gpu_20260930-103640.json,0.536870912,0.050331648,0.001572864,6.44087808,2.583809536,0.4030464,0.0,1.073741824,0.0,0.026937047999997077,0.0
qwen3.5-9b,16384,DFlash,decode: draft logits,D3 Draft logits,26,0,decode: draft logits,29.936816128,29.945073664,29.960916992,18.819627816,record_arch_main/qwen3.5-9b/sweep_causal_conv1d+fla_3gpu_20260930-103640.json,0.536870912,0.050331648,0.001572864,6.44087808,2.583809536,0.4030464,0.0,1.073741824,0.0,0.05103791199999819,0.015843328000002543
qwen3.5-9b,16384,DFlash,decode: target verify,D4 Verify,26,0,target layer 0,29.945073664,23.519510016,29.946325504,18.819627816,record_arch_main/qwen3.5-9b/sweep_causal_conv1d+fla_3gpu_20260930-103640.json,0.5373952,0.050331648,0.001572864,0.006291456,2.583809536,0.4030464,0.001048576,1.073741824,0.0,6.469460184000003,0.0012518400000018914
qwen3.5-9b,16384,DFlash,decode: verify rollback/crop,D5 Verify crop,26,0,decode: verify rollback/crop,23.519510016,23.519510016,23.519510016,18.819627816,record_arch_main/qwen3.5-9b/sweep_causal_conv1d+fla_3gpu_20260930-103640.json,0.5373952,0.050331648,0.001572864,0.006291456,2.583809536,0.4030464,0.001048576,1.073741824,0.0,0.042644696000003535,0.0
qwen3.5-9b,16384,DFlash,decode: context-feature build,D6 Feature build,26,0,decode: context-feature build,23.519510016,22.446816768,23.520558592,18.819627816,record_arch_main/qwen3.5-9b/sweep_causal_conv1d+fla_3gpu_20260930-103640.json,0.5373952,0.050331648,0.001572864,0.006291456,2.583809536,0.4030464,0.001048576,0.001048576,0.0,1.1163865200000025,0.0010485759999987465
qwen3.5-9b,32768,DFlash,prefill: target forward,P1 Target fwd,1,0,target layer 30,21.430136832,37.58709248,42.190106624,18.819627816,record_arch_main/qwen3.5-9b/sweep_causal_conv1d+fla_3gpu_20260930-103640.json,1.073741824,0.050331648,0.001572864,12.883329024,2.583809536,0.0,2.147483648,0.0,0.0,4.630210264000006,4.603014143999999
qwen3.5-9b,32768,DFlash,prefill: context-feature build,P2 Feature build,1,0,prefill: context-feature build,37.58709248,37.58709248,39.734576128,18.819627816,record_arch_main/qwen3.5-9b/sweep_causal_conv1d+fla_3gpu_20260930-103640.json,1.073741824,0.050331648,0.001572864,12.883329024,2.583809536,0.0,0.0,0.0,0.0,4.322163416000002,2.147483647999998
qwen3.5-9b,32768,DFlash,prefill: first token,P3 First token,1,0,prefill: first token,37.58709248,37.58709248,37.587094016,18.819627816,record_arch_main/qwen3.5-9b/sweep_causal_conv1d+fla_3gpu_20260930-103640.json,1.073741824,0.050331648,0.001572864,12.883329024,2.583809536,0.0,0.0,0.0,0.0,2.1746813040000035,1.5359999991915174e-06
qwen3.5-9b,32768,DFlash,prefill: context-feature concat,P4 Feature concat,1,0,prefill: context-feature concat,37.58709248,37.58709248,37.58709248,18.819627816,record_arch_main/qwen3.5-9b/sweep_causal_conv1d+fla_3gpu_20260930-103640.json,1.073741824,0.050331648,0.001572864,12.883329024,2.583809536,0.0,0.0,2.147483648,0.0,0.027196120000006374,0.0
qwen3.5-9b,32768,DFlash,prefill: rollback/crop,P5 Crop,1,0,prefill: rollback/crop,37.58709248,37.587092992,37.587092992,18.819627816,record_arch_main/qwen3.5-9b/sweep_causal_conv1d+fla_3gpu_20260930-103640.json,1.073741824,0.050331648,0.001572864,12.883329024,2.583809536,0.0,0.0,2.147483648,0.0,0.027196632000006105,0.0
qwen3.5-9b,32768,DFlash,decode: first draft forward,D1 First draft,1,0,decode: first draft forward,37.587092992,38.39305728,39.217385984,18.819627816,record_arch_main/qwen3.5-9b/sweep_causal_conv1d+fla_3gpu_20260930-103640.json,1.073741824,0.050331648,0.001572864,12.883329024,2.583809536,0.805699584,0.0,2.147483648,0.0,0.8517900400000045,0.8243287040000027
qwen3.5-9b,32768,DFlash,decode: draft forward,D1s Steady draft,72,0,decode: draft forward,23.386057216,22.798858752,23.403318784,18.819627816,record_arch_main/qwen3.5-9b/sweep_causal_conv1d+fla_3gpu_20260930-103640.json,1.074266112,0.050331648,0.001572864,0.006291456,2.583809536,0.21850112,0.001048576,0.001048576,0.0,0.6468210800000023,0.01726156799999856
qwen3.5-9b,32768,DFlash,decode: draft rollback/crop,D2 Draft crop,73,0,decode: draft rollback/crop,38.39305728,38.39305728,38.39305728,18.819627816,record_arch_main/qwen3.5-9b/sweep_causal_conv1d+fla_3gpu_20260930-103640.json,1.073741824,0.050331648,0.001572864,12.883329024,2.583809536,0.805699584,0.0,2.147483648,0.0,0.02746133600000178,0.0
qwen3.5-9b,32768,DFlash,decode: draft logits,D3 Draft logits,73,0,decode: draft logits,38.39305728,38.40050688,38.417158144,18.819627816,record_arch_main/qwen3.5-9b/sweep_causal_conv1d+fla_3gpu_20260930-103640.json,1.073741824,0.050331648,0.001572864,12.883329024,2.583809536,0.805699584,0.0,2.147483648,0.0,0.051562199999999336,0.016651263999996502
qwen3.5-9b,32768,DFlash,decode: target verify,D4 Verify,73,0,target layer 0,38.40050688,25.532492288,38.402020864,18.819627816,record_arch_main/qwen3.5-9b/sweep_causal_conv1d+fla_3gpu_20260930-103640.json,1.074266112,0.050331648,0.001572864,0.006291456,2.583809536,0.805699584,0.001048576,2.147483648,0.0,12.911889624,0.0015139839999989135
qwen3.5-9b,32768,DFlash,decode: verify rollback/crop,D5 Verify crop,73,0,decode: verify rollback/crop,25.532492288,25.532492288,25.532492288,18.819627816,record_arch_main/qwen3.5-9b/sweep_causal_conv1d+fla_3gpu_20260930-103640.json,1.074266112,0.050331648,0.001572864,0.006291456,2.583809536,0.805699584,0.001048576,2.147483648,0.0,0.04236104800000007,0.0
qwen3.5-9b,32768,DFlash,decode: context-feature build,D6 Feature build,73,0,decode: context-feature build,25.532492288,23.386057216,25.533540864,18.819627816,record_arch_main/qwen3.5-9b/sweep_causal_conv1d+fla_3gpu_20260930-103640.json,1.074266112,0.050331648,0.001572864,0.006291456,2.583809536,0.805699584,0.001048576,0.001048576,0.0,2.1898446960000015,0.0010485759999987465
qwen3.5-9b,65536,DFlash,prefill: target forward,P1 Target fwd,1,0,target layer 30,21.431185408,53.694268416,62.900793344,18.819627816,record_arch_main/qwen3.5-9b/sweep_causal_conv1d+fla_3gpu_20260930-103640.json,2.147483648,0.050331648,0.001572864,25.768230912,2.583809536,0.0,4.294967296,0.0,0.0,9.234769624000002,9.206524928
qwen3.5-9b,65536,DFlash,prefill: context-feature build,P2 Feature build,1,0,prefill: context-feature build,53.694268416,53.694268416,57.989235712,18.819627816,record_arch_main/qwen3.5-9b/sweep_causal_conv1d+fla_3gpu_20260930-103640.json,2.147483648,0.050331648,0.001572864,25.768230912,2.583809536,0.0,0.0,0.0,0.0,8.618179288000007,4.294967296000003
qwen3.5-9b,65536,DFlash,prefill: first token,P3 First token,1,0,prefill: first token,53.694268416,53.694268416,53.694269952,18.819627816,record_arch_main/qwen3.5-9b/sweep_causal_conv1d+fla_3gpu_20260930-103640.json,2.147483648,0.050331648,0.001572864,25.768230912,2.583809536,0.0,0.0,0.0,0.0,4.323213528000004,1.5359999991915174e-06
qwen3.5-9b,65536,DFlash,prefill: context-feature concat,P4 Feature concat,1,0,prefill: context-feature concat,53.694268416,53.694268416,53.694268416,18.819627816,record_arch_main/qwen3.5-9b/sweep_causal_conv1d+fla_3gpu_20260930-103640.json,2.147483648,0.050331648,0.001572864,25.768230912,2.583809536,0.0,0.0,4.294967296,0.0,0.028244696000001568,0.0
qwen3.5-9b,65536,DFlash,prefill: rollback/crop,P5 Crop,1,0,prefill: rollback/crop,53.694268416,53.694268928,53.694268928,18.819627816,record_arch_main/qwen3.5-9b/sweep_causal_conv1d+fla_3gpu_20260930-103640.json,2.147483648,0.050331648,0.001572864,25.768230912,2.583809536,0.0,0.0,4.294967296,0.0,0.0282452080000013,0.0
qwen3.5-9b,65536,DFlash,decode: first draft forward,D1 First draft,1,0,decode: first draft forward,53.694268928,55.305539584,56.953590272,18.819627816,record_arch_main/qwen3.5-9b/sweep_causal_conv1d+fla_3gpu_20260930-103640.json,2.147483648,0.050331648,0.001572864,25.768230912,2.583809536,1.611005952,0.0,4.294967296,0.0,1.676560600000002,1.6480506879999979
qwen3.5-9b,65536,DFlash,decode: draft forward,D1s Steady draft,25,0,decode: draft forward,25.266153984,24.00786688,25.283415552,18.819627816,record_arch_main/qwen3.5-9b/sweep_causal_conv1d+fla_3gpu_20260930-103640.json,2.148007936,0.050331648,0.001572864,0.006291456,2.583809536,0.352718848,0.001048576,0.001048576,0.0,1.3189582960000052,0.017261568000002114
qwen3.5-9b,65536,DFlash,decode: draft rollback/crop,D2 Draft crop,26,0,decode: draft rollback/crop,55.305539584,55.305539584,55.305539584,18.819627816,record_arch_main/qwen3.5-9b/sweep_causal_conv1d+fla_3gpu_20260930-103640.json,2.147483648,0.050331648,0.001572864,25.768230912,2.583809536,1.611005952,0.0,4.294967296,0.0,0.02850991200000408,0.0
qwen3.5-9b,65536,DFlash,decode: draft logits,D3 Draft logits,26,0,decode: draft logits,55.305539584,55.312989184,55.32977152,18.819627816,record_arch_main/qwen3.5-9b/sweep_causal_conv1d+fla_3gpu_20260930-103640.json,2.147483648,0.050331648,0.001572864,25.768230912,2.583809536,1.611005952,0.0,4.294967296,0.0,0.0527418480000037,0.016782335999998566
qwen3.5-9b,65536,DFlash,decode: target verify,D4 Verify,26,0,target layer 0,55.312989184,29.560072704,55.315035136,18.819627816,record_arch_main/qwen3.5-9b/sweep_causal_conv1d+fla_3gpu_20260930-103640.json,2.148007936,0.050331648,0.001572864,0.006291456,2.583809536,1.611005952,0.001048576,4.294967296,0.0,25.798372056,0.0020459519999960207
qwen3.5-9b,65536,DFlash,decode: verify rollback/crop,D5 Verify crop,26,0,decode: verify rollback/crop,29.560072704,29.560072704,29.560072704,18.819627816,record_arch_main/qwen3.5-9b/sweep_causal_conv1d+fla_3gpu_20260930-103640.json,2.148007936,0.050331648,0.001572864,0.006291456,2.583809536,1.611005952,0.001048576,4.294967296,0.0,0.04340962400000237,0.0
qwen3.5-9b,65536,DFlash,decode: context-feature build,D6 Feature build,26,0,decode: context-feature build,29.560072704,25.266153984,29.56112128,18.819627816,record_arch_main/qwen3.5-9b/sweep_causal_conv1d+fla_3gpu_20260930-103640.json,2.148007936,0.050331648,0.001572864,0.006291456,2.583809536,1.611005952,0.001048576,0.001048576,0.0,4.338376920000002,0.0010485759999987465
qwen3.5-35b-a3b,4096,DFlash,prefill: target forward,P1 Target fwd,1,0,target layer 39,71.011965952,73.30674688,73.93257984,70.2143642,record_arch_main/qwen3.5-35b-a3b/sweep_causal_conv1d+fla_3gpu_20260930-023904.json,0.08388608,0.06291456,0.00196608,2.01129984,0.771812864,0.0,0.134217728,0.0,0.0,0.6521184879999993,0.6258329599999968
qwen3.5-35b-a3b,4096,DFlash,prefill: context-feature build,P2 Feature build,1,0,prefill: context-feature build,73.30674688,73.30674688,73.440964608,70.2143642,record_arch_main/qwen3.5-35b-a3b/sweep_causal_conv1d+fla_3gpu_20260930-023904.json,0.08388608,0.06291456,0.00196608,2.01129984,0.771812864,0.0,0.0,0.0,0.0,0.29472098399999425,0.13421772799999587
qwen3.5-35b-a3b,4096,DFlash,prefill: first token,P3 First token,1,0,prefill: first token,73.30674688,73.30674688,73.306748416,70.2143642,record_arch_main/qwen3.5-35b-a3b/sweep_causal_conv1d+fla_3gpu_20260930-023904.json,0.08388608,0.06291456,0.00196608,2.01129984,0.771812864,0.0,0.0,0.0,0.0,0.16050479199999756,1.5359999991915174e-06
qwen3.5-35b-a3b,4096,DFlash,prefill: context-feature concat,P4 Feature concat,1,0,prefill: context-feature concat,73.30674688,73.30674688,73.30674688,70.2143642,record_arch_main/qwen3.5-35b-a3b/sweep_causal_conv1d+fla_3gpu_20260930-023904.json,0.08388608,0.06291456,0.00196608,2.01129984,0.771812864,0.0,0.0,0.134217728,0.0,0.0262855280000025,0.0
qwen3.5-35b-a3b,4096,DFlash,prefill: rollback/crop,P5 Crop,1,0,prefill: rollback/crop,73.30674688,73.306747392,73.306747392,70.2143642,record_arch_main/qwen3.5-35b-a3b/sweep_causal_conv1d+fla_3gpu_20260930-023904.json,0.08388608,0.06291456,0.00196608,2.01129984,0.771812864,0.0,0.0,0.134217728,0.0,0.02628604000000223,0.0
qwen3.5-35b-a3b,4096,DFlash,decode: first draft forward,D1 First draft,1,0,decode: first draft forward,73.306747392,73.407937536,73.496731648,70.2143642,record_arch_main/qwen3.5-35b-a3b/sweep_causal_conv1d+fla_3gpu_20260930-023904.json,0.08388608,0.06291456,0.00196608,2.01129984,0.771812864,0.101056512,0.0,0.134217728,0.0,0.11521378399999094,0.08879411199998799
qwen3.5-35b-a3b,4096,DFlash,decode: draft forward,D1s Steady draft,37,32,decode: draft forward,71.294785024,71.293803008,71.363625984,70.2143642,record_arch_main/qwen3.5-35b-a3b/sweep_causal_conv1d+fla_3gpu_20260930-023904.json,0.08876032,0.06291456,0.00196608,0.00786432,0.771812864,0.10233856,0.000524288,0.000524288,0.0,0.11255650399999695,0.06884095999998863
qwen3.5-35b-a3b,4096,DFlash,decode: draft rollback/crop,D2 Draft crop,38,0,decode: draft rollback/crop,73.407937536,73.407937536,73.407937536,70.2143642,record_arch_main/qwen3.5-35b-a3b/sweep_causal_conv1d+fla_3gpu_20260930-023904.json,0.08388608,0.06291456,0.00196608,2.01129984,0.771812864,0.101056512,0.0,0.134217728,0.0,0.026419672000002947,0.0
qwen3.5-35b-a3b,4096,DFlash,decode: draft logits,D3 Draft logits,38,0,decode: draft logits,73.407937536,73.41622784,73.432071168,70.2143642,record_arch_main/qwen3.5-35b-a3b/sweep_causal_conv1d+fla_3gpu_20260930-023904.json,0.08388608,0.06291456,0.00196608,2.01129984,0.771812864,0.101056512,0.0,0.134217728,0.0,0.05055330399999036,0.015843327999988333
qwen3.5-35b-a3b,4096,DFlash,decode: target verify,D4 Verify,38,0,target layer 0,73.41622784,71.421569536,73.417152,70.2143642,record_arch_main/qwen3.5-35b-a3b/sweep_causal_conv1d+fla_3gpu_20260930-023904.json,0.08421376,0.06291456,0.00196608,0.00786432,0.771812864,0.101056512,0.000524288,0.134217728,0.0,2.0382176880000173,0.000924159999996732
qwen3.5-35b-a3b,4096,DFlash,decode: verify rollback/crop,D5 Verify crop,38,0,decode: verify rollback/crop,71.421569536,71.421569536,71.421569536,70.2143642,record_arch_main/qwen3.5-35b-a3b/sweep_causal_conv1d+fla_3gpu_20260930-023904.json,0.08421376,0.06291456,0.00196608,0.00786432,0.771812864,0.101056512,0.000524288,0.134217728,0.0,0.04263522400002273,0.0
qwen3.5-35b-a3b,4096,DFlash,decode: context-feature build,D6 Feature build,38,0,decode: context-feature build,71.421569536,71.287876096,71.422093824,70.2143642,record_arch_main/qwen3.5-35b-a3b/sweep_causal_conv1d+fla_3gpu_20260930-023904.json,0.08421376,0.06291456,0.00196608,0.00786432,0.771812864,0.101056512,0.000524288,0.000524288,0.0,0.1768529520000186,0.0005242879999940442
qwen3.5-35b-a3b,8192,DFlash,prefill: target forward,P1 Target fwd,1,0,target layer 39,71.012097024,75.53824768,76.790408192,70.2143642,record_arch_main/qwen3.5-35b-a3b/sweep_causal_conv1d+fla_3gpu_20260930-023904.json,0.16777216,0.06291456,0.00196608,4.02456576,0.771812864,0.0,0.268435456,0.0,0.0,1.2785771119999936,1.2521605120000032
qwen3.5-35b-a3b,8192,DFlash,prefill: context-feature build,P2 Feature build,1,0,prefill: context-feature build,75.53824768,75.53824768,75.806683136,70.2143642,record_arch_main/qwen3.5-35b-a3b/sweep_causal_conv1d+fla_3gpu_20260930-023904.json,0.16777216,0.06291456,0.00196608,4.02456576,0.771812864,0.0,0.0,0.0,0.0,0.5632875120000023,0.26843545600000596
qwen3.5-35b-a3b,8192,DFlash,prefill: first token,P3 First token,1,0,prefill: first token,75.53824768,75.53824768,75.538249216,70.2143642,record_arch_main/qwen3.5-35b-a3b/sweep_causal_conv1d+fla_3gpu_20260930-023904.json,0.16777216,0.06291456,0.00196608,4.02456576,0.771812864,0.0,0.0,0.0,0.0,0.2948535919999955,1.5359999991915174e-06
qwen3.5-35b-a3b,8192,DFlash,prefill: context-feature concat,P4 Feature concat,1,0,prefill: context-feature concat,75.53824768,75.53824768,75.53824768,70.2143642,record_arch_main/qwen3.5-35b-a3b/sweep_causal_conv1d+fla_3gpu_20260930-023904.json,0.16777216,0.06291456,0.00196608,4.02456576,0.771812864,0.0,0.0,0.268435456,0.0,0.026416599999990353,0.0
qwen3.5-35b-a3b,8192,DFlash,prefill: rollback/crop,P5 Crop,1,0,prefill: rollback/crop,75.53824768,75.538248192,75.538248192,70.2143642,record_arch_main/qwen3.5-35b-a3b/sweep_causal_conv1d+fla_3gpu_20260930-023904.json,0.16777216,0.06291456,0.00196608,4.02456576,0.771812864,0.0,0.0,0.268435456,0.0,0.026417111999990084,0.0
qwen3.5-35b-a3b,8192,DFlash,decode: first draft forward,D1 First draft,1,0,decode: first draft forward,75.538248192,75.740101632,75.913125888,70.2143642,record_arch_main/qwen3.5-35b-a3b/sweep_causal_conv1d+fla_3gpu_20260930-023904.json,0.16777216,0.06291456,0.00196608,4.02456576,0.771812864,0.201719808,0.0,0.268435456,0.0,0.19957499999999584,0.17302425599999083
qwen3.5-35b-a3b,8192,DFlash,decode: draft forward,D1s Steady draft,50,0,decode: draft forward,71.472507392,71.388625408,71.52370944,70.2143642,record_arch_main/qwen3.5-35b-a3b/sweep_causal_conv1d+fla_3gpu_20260930-023904.json,0.16809984,0.06291456,0.00196608,0.00786432,0.771812864,0.117837824,0.000524288,0.000524288,0.0,0.17780117600001688,0.051202048000007494
qwen3.5-35b-a3b,8192,DFlash,decode: draft rollback/crop,D2 Draft crop,51,0,decode: draft rollback/crop,75.740101632,75.740101632,75.740101632,70.2143642,record_arch_main/qwen3.5-35b-a3b/sweep_causal_conv1d+fla_3gpu_20260930-023904.json,0.16777216,0.06291456,0.00196608,4.02456576,0.771812864,0.201719808,0.0,0.268435456,0.0,0.02655074400000501,0.0
qwen3.5-35b-a3b,8192,DFlash,decode: draft logits,D3 Draft logits,51,0,decode: draft logits,75.740101632,75.74849024,75.764333568,70.2143642,record_arch_main/qwen3.5-35b-a3b/sweep_causal_conv1d+fla_3gpu_20260930-023904.json,0.16777216,0.06291456,0.00196608,4.02456576,0.771812864,0.201719808,0.0,0.268435456,0.0,0.050782679999997526,0.015843328000002543
qwen3.5-35b-a3b,8192,DFlash,decode: target verify,D4 Verify,51,0,target layer 0,75.74849024,71.74041856,75.749479936,70.2143642,record_arch_main/qwen3.5-35b-a3b/sweep_causal_conv1d+fla_3gpu_20260930-023904.json,0.16809984,0.06291456,0.00196608,0.00786432,0.771812864,0.201719808,0.000524288,0.268435456,0.0,4.051778519999999,0.0009896960000048693
qwen3.5-35b-a3b,8192,DFlash,decode: verify rollback/crop,D5 Verify crop,51,0,decode: verify rollback/crop,71.74041856,71.74041856,71.74041856,70.2143642,record_arch_main/qwen3.5-35b-a3b/sweep_causal_conv1d+fla_3gpu_20260930-023904.json,0.16809984,0.06291456,0.00196608,0.00786432,0.771812864,0.201719808,0.000524288,0.268435456,0.0,0.04271714399999382,0.0
qwen3.5-35b-a3b,8192,DFlash,decode: context-feature build,D6 Feature build,51,0,decode: context-feature build,71.74041856,71.472507392,71.740942848,70.2143642,record_arch_main/qwen3.5-35b-a3b/sweep_causal_conv1d+fla_3gpu_20260930-023904.json,0.16809984,0.06291456,0.00196608,0.00786432,0.771812864,0.201719808,0.000524288,0.000524288,0.0,0.311152600000014,0.000524288000008255
qwen3.5-35b-a3b,16384,DFlash,prefill: target forward,P1 Target fwd,1,0,target layer 39,71.012359168,80.00124928,82.506064896,70.2143642,record_arch_main/qwen3.5-35b-a3b/sweep_causal_conv1d+fla_3gpu_20260930-023904.json,0.33554432,0.06291456,0.00196608,8.0510976,0.771812864,0.0,0.536870912,0.0,0.0,2.5314943599999964,2.504815616000002
qwen3.5-35b-a3b,16384,DFlash,prefill: context-feature build,P2 Feature build,1,0,prefill: context-feature build,80.00124928,80.00124928,80.538120192,70.2143642,record_arch_main/qwen3.5-35b-a3b/sweep_causal_conv1d+fla_3gpu_20260930-023904.json,0.33554432,0.06291456,0.00196608,8.0510976,0.771812864,0.0,0.0,0.0,0.0,1.1004205679999899,0.5368709119999977
qwen3.5-35b-a3b,16384,DFlash,prefill: first token,P3 First token,1,0,prefill: first token,80.00124928,80.00124928,80.001250816,70.2143642,record_arch_main/qwen3.5-35b-a3b/sweep_causal_conv1d+fla_3gpu_20260930-023904.json,0.33554432,0.06291456,0.00196608,8.0510976,0.771812864,0.0,0.0,0.0,0.0,0.5635511919999914,1.5359999991915174e-06
qwen3.5-35b-a3b,16384,DFlash,prefill: context-feature concat,P4 Feature concat,1,0,prefill: context-feature concat,80.00124928,80.00124928,80.00124928,70.2143642,record_arch_main/qwen3.5-35b-a3b/sweep_causal_conv1d+fla_3gpu_20260930-023904.json,0.33554432,0.06291456,0.00196608,8.0510976,0.771812864,0.0,0.0,0.536870912,0.0,0.02667874399999448,0.0
qwen3.5-35b-a3b,16384,DFlash,prefill: rollback/crop,P5 Crop,1,0,prefill: rollback/crop,80.00124928,80.001249792,80.001249792,70.2143642,record_arch_main/qwen3.5-35b-a3b/sweep_causal_conv1d+fla_3gpu_20260930-023904.json,0.33554432,0.06291456,0.00196608,8.0510976,0.771812864,0.0,0.0,0.536870912,0.0,0.02667925599999421,0.0
qwen3.5-35b-a3b,16384,DFlash,decode: first draft forward,D1 First draft,1,0,decode: first draft forward,80.001249792,80.404429824,80.749780992,70.2143642,record_arch_main/qwen3.5-35b-a3b/sweep_causal_conv1d+fla_3gpu_20260930-023904.json,0.33554432,0.06291456,0.00196608,8.0510976,0.771812864,0.4030464,0.0,0.536870912,0.0,0.3721640560000026,0.34535116799999344
qwen3.5-35b-a3b,16384,DFlash,decode: draft forward,D1s Steady draft,41,0,decode: draft forward,71.8406016,71.589242368,71.858544128,70.2143642,record_arch_main/qwen3.5-35b-a3b/sweep_causal_conv1d+fla_3gpu_20260930-023904.json,0.335872,0.06291456,0.00196608,0.00786432,0.771812864,0.151392256,0.000524288,0.000524288,0.0,0.311309272000031,0.017942528000006064
qwen3.5-35b-a3b,16384,DFlash,decode: draft rollback/crop,D2 Draft crop,42,0,decode: draft rollback/crop,80.404429824,80.404429824,80.404429824,70.2143642,record_arch_main/qwen3.5-35b-a3b/sweep_causal_conv1d+fla_3gpu_20260930-023904.json,0.33554432,0.06291456,0.00196608,8.0510976,0.771812864,0.4030464,0.0,0.536870912,0.0,0.02681288800000914,0.0
qwen3.5-35b-a3b,16384,DFlash,decode: draft logits,D3 Draft logits,42,0,decode: draft logits,80.404429824,80.411879424,80.427722752,70.2143642,record_arch_main/qwen3.5-35b-a3b/sweep_causal_conv1d+fla_3gpu_20260930-023904.json,0.33554432,0.06291456,0.00196608,8.0510976,0.771812864,0.4030464,0.0,0.536870912,0.0,0.050105815999998526,0.015843327999988333
qwen3.5-35b-a3b,16384,DFlash,decode: target verify,D4 Verify,42,0,target layer 0,80.411879424,72.376948224,80.413000192,70.2143642,record_arch_main/qwen3.5-35b-a3b/sweep_causal_conv1d+fla_3gpu_20260930-023904.json,0.335872,0.06291456,0.00196608,0.00786432,0.771812864,0.4030464,0.000524288,0.536870912,0.0,8.07776456800002,0.0011207679999927223
qwen3.5-35b-a3b,16384,DFlash,decode: verify rollback/crop,D5 Verify crop,42,0,decode: verify rollback/crop,72.376948224,72.376948224,72.376948224,70.2143642,record_arch_main/qwen3.5-35b-a3b/sweep_causal_conv1d+fla_3gpu_20260930-023904.json,0.335872,0.06291456,0.00196608,0.00786432,0.771812864,0.4030464,0.000524288,0.536870912,0.0,0.04171260000002519,0.0
qwen3.5-35b-a3b,16384,DFlash,decode: context-feature build,D6 Feature build,42,0,decode: context-feature build,72.376948224,71.8406016,72.377472512,70.2143642,record_arch_main/qwen3.5-35b-a3b/sweep_causal_conv1d+fla_3gpu_20260930-023904.json,0.335872,0.06291456,0.00196608,0.00786432,0.771812864,0.4030464,0.000524288,0.000524288,0.0,0.5785835120000229,0.0005242879999940442
qwen3.5-35b-a3b,32768,DFlash,prefill: target forward,P1 Target fwd,1,0,target layer 39,71.012883456,88.92725248,93.937378304,70.2143642,record_arch_main/qwen3.5-35b-a3b/sweep_causal_conv1d+fla_3gpu_20260930-023904.json,0.67108864,0.06291456,0.00196608,16.10416128,0.771812864,0.0,1.073741824,0.0,0.0,5.037328856000016,5.010125823999999
qwen3.5-35b-a3b,32768,DFlash,prefill: context-feature build,P2 Feature build,1,0,prefill: context-feature build,88.92725248,88.92725248,90.000994304,70.2143642,record_arch_main/qwen3.5-35b-a3b/sweep_causal_conv1d+fla_3gpu_20260930-023904.json,0.67108864,0.06291456,0.00196608,16.10416128,0.771812864,0.0,0.0,0.0,0.0,2.1746866800000078,1.0737418239999954
qwen3.5-35b-a3b,32768,DFlash,prefill: first token,P3 First token,1,0,prefill: first token,88.92725248,88.92725248,88.927254016,70.2143642,record_arch_main/qwen3.5-35b-a3b/sweep_causal_conv1d+fla_3gpu_20260930-023904.json,0.67108864,0.06291456,0.00196608,16.10416128,0.771812864,0.0,0.0,0.0,0.0,1.1009463920000115,1.5359999991915174e-06
qwen3.5-35b-a3b,32768,DFlash,prefill: context-feature concat,P4 Feature concat,1,0,prefill: context-feature concat,88.92725248,88.92725248,88.92725248,70.2143642,record_arch_main/qwen3.5-35b-a3b/sweep_causal_conv1d+fla_3gpu_20260930-023904.json,0.67108864,0.06291456,0.00196608,16.10416128,0.771812864,0.0,0.0,1.073741824,0.0,0.027203032000016947,0.0
qwen3.5-35b-a3b,32768,DFlash,prefill: rollback/crop,P5 Crop,1,0,prefill: rollback/crop,88.92725248,88.927252992,88.927252992,70.2143642,record_arch_main/qwen3.5-35b-a3b/sweep_causal_conv1d+fla_3gpu_20260930-023904.json,0.67108864,0.06291456,0.00196608,16.10416128,0.771812864,0.0,0.0,1.073741824,0.0,0.027203544000016677,0.0
qwen3.5-35b-a3b,32768,DFlash,decode: first draft forward,D1 First draft,1,0,decode: first draft forward,88.927252992,89.733086208,90.423164416,70.2143642,record_arch_main/qwen3.5-35b-a3b/sweep_causal_conv1d+fla_3gpu_20260930-023904.json,0.67108864,0.06291456,0.00196608,16.10416128,0.771812864,0.805699584,0.0,1.073741824,0.0,0.7174153840000201,0.6900782080000027
qwen3.5-35b-a3b,32768,DFlash,decode: draft forward,D1s Steady draft,39,0,decode: draft forward,72.579323392,71.992124928,72.596515328,70.2143642,record_arch_main/qwen3.5-35b-a3b/sweep_causal_conv1d+fla_3gpu_20260930-023904.json,0.67141632,0.06291456,0.00196608,0.00786432,0.771812864,0.21850112,0.000524288,0.000524288,0.0,0.6466272880000048,0.017191935999989028
qwen3.5-35b-a3b,32768,DFlash,decode: draft rollback/crop,D2 Draft crop,40,0,decode: draft rollback/crop,89.733086208,89.733086208,89.733086208,70.2143642,record_arch_main/qwen3.5-35b-a3b/sweep_causal_conv1d+fla_3gpu_20260930-023904.json,0.67108864,0.06291456,0.00196608,16.10416128,0.771812864,0.805699584,0.0,1.073741824,0.0,0.027337176000017394,0.0
qwen3.5-35b-a3b,32768,DFlash,decode: draft logits,D3 Draft logits,40,0,decode: draft logits,89.733086208,89.740535808,89.755440128,70.2143642,record_arch_main/qwen3.5-35b-a3b/sweep_causal_conv1d+fla_3gpu_20260930-023904.json,0.67108864,0.06291456,0.00196608,16.10416128,0.771812864,0.805699584,0.0,1.073741824,0.0,0.049691096000017865,0.014904319999999416
qwen3.5-35b-a3b,32768,DFlash,decode: target verify,D4 Verify,40,0,target layer 0,89.740535808,73.652540928,89.74191872,70.2143642,record_arch_main/qwen3.5-35b-a3b/sweep_causal_conv1d+fla_3gpu_20260930-023904.json,0.67141632,0.06291456,0.00196608,0.00786432,0.771812864,0.805699584,0.000524288,1.073741824,0.0,16.131614680000013,0.0013829119999968498
qwen3.5-35b-a3b,32768,DFlash,decode: verify rollback/crop,D5 Verify crop,40,0,decode: verify rollback/crop,73.652540928,73.652540928,73.652540928,70.2143642,record_arch_main/qwen3.5-35b-a3b/sweep_causal_conv1d+fla_3gpu_20260930-023904.json,0.67141632,0.06291456,0.00196608,0.00786432,0.771812864,0.805699584,0.000524288,1.073741824,0.0,0.042236888000005024,0.0
qwen3.5-35b-a3b,32768,DFlash,decode: context-feature build,D6 Feature build,40,0,decode: context-feature build,73.652540928,72.579323392,73.653065216,70.2143642,record_arch_main/qwen3.5-35b-a3b/sweep_causal_conv1d+fla_3gpu_20260930-023904.json,0.67141632,0.06291456,0.00196608,0.00786432,0.771812864,0.805699584,0.000524288,0.000524288,0.0,1.1159787120000146,0.000524288000008255
qwen3.5-35b-a3b,65536,DFlash,prefill: target forward,P1 Target fwd,1,0,target layer 39,71.013932032,106.77925888,116.80000512,70.2143642,record_arch_main/qwen3.5-35b-a3b/sweep_causal_conv1d+fla_3gpu_20260930-023904.json,1.34217728,0.06291456,0.00196608,32.21028864,0.771812864,0.0,2.147483648,0.0,0.0,10.048997847999985,10.020746239999994
qwen3.5-35b-a3b,65536,DFlash,prefill: context-feature build,P2 Feature build,1,0,prefill: context-feature build,106.77925888,106.77925888,108.926742528,70.2143642,record_arch_main/qwen3.5-35b-a3b/sweep_causal_conv1d+fla_3gpu_20260930-023904.json,1.34217728,0.06291456,0.00196608,32.21028864,0.771812864,0.0,0.0,0.0,0.0,4.323218904000001,2.147483648000005
qwen3.5-35b-a3b,65536,DFlash,prefill: first token,P3 First token,1,0,prefill: first token,106.77925888,106.77925888,106.779260416,70.2143642,record_arch_main/qwen3.5-35b-a3b/sweep_causal_conv1d+fla_3gpu_20260930-023904.json,1.34217728,0.06291456,0.00196608,32.21028864,0.771812864,0.0,0.0,0.0,0.0,2.175736791999995,1.5359999991915174e-06
qwen3.5-35b-a3b,65536,DFlash,prefill: context-feature concat,P4 Feature concat,1,0,prefill: context-feature concat,106.77925888,106.77925888,106.77925888,70.2143642,record_arch_main/qwen3.5-35b-a3b/sweep_causal_conv1d+fla_3gpu_20260930-023904.json,1.34217728,0.06291456,0.00196608,32.21028864,0.771812864,0.0,0.0,2.147483648,0.0,0.028251607999990824,0.0
qwen3.5-35b-a3b,65536,DFlash,prefill: rollback/crop,P5 Crop,1,0,prefill: rollback/crop,106.77925888,106.779259392,106.779259392,70.2143642,record_arch_main/qwen3.5-35b-a3b/sweep_causal_conv1d+fla_3gpu_20260930-023904.json,1.34217728,0.06291456,0.00196608,32.21028864,0.771812864,0.0,0.0,2.147483648,0.0,0.028252119999990555,0.0
qwen3.5-35b-a3b,65536,DFlash,decode: first draft forward,D1 First draft,1,0,decode: first draft forward,106.779259392,108.390398976,109.769948672,70.2143642,record_arch_main/qwen3.5-35b-a3b/sweep_causal_conv1d+fla_3gpu_20260930-023904.json,1.34217728,0.06291456,0.00196608,32.21028864,0.771812864,1.611005952,0.0,2.147483648,0.0,1.4079354479999893,1.379549695999998
qwen3.5-35b-a3b,65536,DFlash,decode: draft forward,D1s Steady draft,35,0,decode: draft forward,74.058148352,72.799861248,74.075340288,70.2143642,record_arch_main/qwen3.5-35b-a3b/sweep_causal_conv1d+fla_3gpu_20260930-023904.json,1.34250496,0.06291456,0.00196608,0.00786432,0.771812864,0.352718848,0.000524288,0.000524288,0.0,1.3201458800000268,0.01719193600000324
qwen3.5-35b-a3b,65536,DFlash,decode: draft rollback/crop,D2 Draft crop,36,0,decode: draft rollback/crop,108.390398976,108.390398976,108.390398976,70.2143642,record_arch_main/qwen3.5-35b-a3b/sweep_causal_conv1d+fla_3gpu_20260930-023904.json,1.34217728,0.06291456,0.00196608,32.21028864,0.771812864,1.611005952,0.0,2.147483648,0.0,0.02838575199999127,0.0
qwen3.5-35b-a3b,65536,DFlash,decode: draft logits,D3 Draft logits,36,0,decode: draft logits,108.390398976,108.398787584,108.41556992,70.2143642,record_arch_main/qwen3.5-35b-a3b/sweep_causal_conv1d+fla_3gpu_20260930-023904.json,1.34217728,0.06291456,0.00196608,32.21028864,0.771812864,1.611005952,0.0,2.147483648,0.0,0.053556695999986914,0.01678233599999146
qwen3.5-35b-a3b,65536,DFlash,decode: target verify,D4 Verify,36,0,target layer 0,108.398787584,76.205107712,108.400702464,70.2143642,record_arch_main/qwen3.5-35b-a3b/sweep_causal_conv1d+fla_3gpu_20260930-023904.json,1.34250496,0.06291456,0.00196608,0.00786432,0.771812864,1.611005952,0.000524288,2.147483648,0.0,32.24026159200001,0.0019148800000010624
qwen3.5-35b-a3b,65536,DFlash,decode: verify rollback/crop,D5 Verify crop,36,0,decode: verify rollback/crop,76.205107712,76.205107712,76.205107712,70.2143642,record_arch_main/qwen3.5-35b-a3b/sweep_causal_conv1d+fla_3gpu_20260930-023904.json,1.34250496,0.06291456,0.00196608,0.00786432,0.771812864,1.611005952,0.000524288,2.147483648,0.0,0.04466684000000498,0.0
qwen3.5-35b-a3b,65536,DFlash,decode: context-feature build,D6 Feature build,36,0,decode: context-feature build,76.205107712,74.058148352,76.205632,70.2143642,record_arch_main/qwen3.5-35b-a3b/sweep_causal_conv1d+fla_3gpu_20260930-023904.json,1.34250496,0.06291456,0.00196608,0.00786432,0.771812864,1.611005952,0.000524288,0.000524288,0.0,2.19215048800001,0.0005242879999940442
