model,context,mode,phase,part,profiled_occurrences,part_ms_per_occurrence,part_share_pct,total_profiled_ms_per_occurrence,device_time_ms_per_occurrence,kernels_per_occurrence,activity_kind,source
qwen3-8b,4096,DFlash verify,decode: target verify,outside_target_modules,32,2.638646179199202,5.942237361998915,44.4049272766106,44.40492727661221,2293.09375,kernels_and_memcpy,record_arch_main/qwen3-8b/sweep_causal_conv1d+fla_3gpu_20260930-113850.json
qwen3-8b,4096,DFlash verify,decode: target verify,full_attention,32,23.600570129393585,53.14853908526658,44.4049272766106,44.40492727661221,2293.09375,kernels_and_memcpy,record_arch_main/qwen3-8b/sweep_causal_conv1d+fla_3gpu_20260930-113850.json
qwen3-8b,4096,DFlash verify,decode: target verify,ffn_dense,32,16.474287933349842,37.100134925853915,44.4049272766106,44.40492727661221,2293.09375,kernels_and_memcpy,record_arch_main/qwen3-8b/sweep_causal_conv1d+fla_3gpu_20260930-113850.json
qwen3-8b,4096,DFlash verify,decode: target verify,lm_head,32,1.6914230346679684,3.8090886268805835,44.4049272766106,44.40492727661221,2293.09375,kernels_and_memcpy,record_arch_main/qwen3-8b/sweep_causal_conv1d+fla_3gpu_20260930-113850.json
qwen3-8b,4096,AR step,decode: ar step,outside_target_modules,32,1.4077797546386257,4.879606987782158,28.85026925659189,28.850269256592018,2072.0,kernels_and_memcpy,record_arch_main/qwen3-8b/sweep_causal_conv1d+fla_3gpu_20260930-113850.json
qwen3-8b,4096,AR step,decode: ar step,full_attention,32,9.71156082153307,33.66194171416307,28.85026925659189,28.850269256592018,2072.0,kernels_and_memcpy,record_arch_main/qwen3-8b/sweep_causal_conv1d+fla_3gpu_20260930-113850.json
qwen3-8b,4096,AR step,decode: ar step,ffn_dense,32,16.06592636108426,55.687266618537414,28.85026925659189,28.850269256592018,2072.0,kernels_and_memcpy,record_arch_main/qwen3-8b/sweep_causal_conv1d+fla_3gpu_20260930-113850.json
qwen3-8b,4096,AR step,decode: ar step,lm_head,32,1.6650023193359373,5.771184679517358,28.85026925659189,28.850269256592018,2072.0,kernels_and_memcpy,record_arch_main/qwen3-8b/sweep_causal_conv1d+fla_3gpu_20260930-113850.json
qwen3-8b,8192,DFlash verify,decode: target verify,outside_target_modules,32,2.7232269287109028,4.613652450535858,59.02540249633695,59.02540249633762,2288.28125,kernels_and_memcpy,record_arch_main/qwen3-8b/sweep_causal_conv1d+fla_3gpu_20260930-113850.json
qwen3-8b,8192,DFlash verify,decode: target verify,full_attention,32,38.17433261108308,64.67441304352332,59.02540249633695,59.02540249633762,2288.28125,kernels_and_memcpy,record_arch_main/qwen3-8b/sweep_causal_conv1d+fla_3gpu_20260930-113850.json
qwen3-8b,8192,DFlash verify,decode: target verify,ffn_dense,32,16.437227386474607,27.847717578028686,59.02540249633695,59.02540249633762,2288.28125,kernels_and_memcpy,record_arch_main/qwen3-8b/sweep_causal_conv1d+fla_3gpu_20260930-113850.json
qwen3-8b,8192,DFlash verify,decode: target verify,lm_head,32,1.6906155700683594,2.8642169279121426,59.02540249633695,59.02540249633762,2288.28125,kernels_and_memcpy,record_arch_main/qwen3-8b/sweep_causal_conv1d+fla_3gpu_20260930-113850.json
qwen3-8b,8192,AR step,decode: ar step,outside_target_modules,32,1.3703139648436946,4.3725550411807115,31.33897576904307,31.338975769043522,2071.6875,kernels_and_memcpy,record_arch_main/qwen3-8b/sweep_causal_conv1d+fla_3gpu_20260930-113850.json
qwen3-8b,8192,AR step,decode: ar step,full_attention,32,12.279276062011585,39.18212309331809,31.33897576904307,31.338975769043522,2071.6875,kernels_and_memcpy,record_arch_main/qwen3-8b/sweep_causal_conv1d+fla_3gpu_20260930-113850.json
qwen3-8b,8192,AR step,decode: ar step,ffn_dense,32,16.024686462402634,51.133408380984704,31.33897576904307,31.338975769043522,2071.6875,kernels_and_memcpy,record_arch_main/qwen3-8b/sweep_causal_conv1d+fla_3gpu_20260930-113850.json
qwen3-8b,8192,AR step,decode: ar step,lm_head,32,1.6646992797851567,5.311913484516498,31.33897576904307,31.338975769043522,2071.6875,kernels_and_memcpy,record_arch_main/qwen3-8b/sweep_causal_conv1d+fla_3gpu_20260930-113850.json
qwen3-8b,16384,DFlash verify,decode: target verify,full_attention,32,77.13251498412839,78.06225618044338,98.80897473144273,98.80897473144546,2290.125,kernels_and_memcpy,record_arch_main/qwen3-8b/sweep_causal_conv1d+fla_3gpu_20260930-113850.json
qwen3-8b,16384,DFlash verify,decode: target verify,outside_target_modules,32,3.459549743652233,3.5012505220857677,98.80897473144273,98.80897473144546,2290.125,kernels_and_memcpy,record_arch_main/qwen3-8b/sweep_causal_conv1d+fla_3gpu_20260930-113850.json
qwen3-8b,16384,DFlash verify,decode: target verify,ffn_dense,32,16.525804077148454,16.72500309011875,98.80897473144273,98.80897473144546,2290.125,kernels_and_memcpy,record_arch_main/qwen3-8b/sweep_causal_conv1d+fla_3gpu_20260930-113850.json
qwen3-8b,16384,DFlash verify,decode: target verify,lm_head,32,1.691105926513672,1.711490207352119,98.80897473144273,98.80897473144546,2290.125,kernels_and_memcpy,record_arch_main/qwen3-8b/sweep_causal_conv1d+fla_3gpu_20260930-113850.json
qwen3-8b,16384,AR step,decode: ar step,full_attention,32,17.32777023315466,47.58527412247094,36.41414398193423,36.414143981934295,2071.3125,kernels_and_memcpy,record_arch_main/qwen3-8b/sweep_causal_conv1d+fla_3gpu_20260930-113850.json
qwen3-8b,16384,AR step,decode: ar step,outside_target_modules,32,1.3885301818847313,3.813161673040037,36.41414398193423,36.414143981934295,2071.3125,kernels_and_memcpy,record_arch_main/qwen3-8b/sweep_causal_conv1d+fla_3gpu_20260930-113850.json
qwen3-8b,16384,AR step,decode: ar step,ffn_dense,32,16.03300842285187,44.02961780676805,36.41414398193423,36.414143981934295,2071.3125,kernels_and_memcpy,record_arch_main/qwen3-8b/sweep_causal_conv1d+fla_3gpu_20260930-113850.json
qwen3-8b,16384,AR step,decode: ar step,lm_head,32,1.6648351440429685,4.571946397720968,36.41414398193423,36.414143981934295,2071.3125,kernels_and_memcpy,record_arch_main/qwen3-8b/sweep_causal_conv1d+fla_3gpu_20260930-113850.json
qwen3-8b,32768,DFlash verify,decode: target verify,full_attention,32,146.15681646729,86.48604223751168,168.99468710327602,168.99468710326454,2287.40625,kernels_and_memcpy,record_arch_main/qwen3-8b/sweep_causal_conv1d+fla_3gpu_20260930-113850.json
qwen3-8b,32768,DFlash verify,decode: target verify,outside_target_modules,32,4.628593414306427,2.7388987746566262,168.99468710327602,168.99468710326454,2287.40625,kernels_and_memcpy,record_arch_main/qwen3-8b/sweep_causal_conv1d+fla_3gpu_20260930-113850.json
qwen3-8b,32768,DFlash verify,decode: target verify,ffn_dense,32,16.517647644042878,9.774063272148085,168.99468710327602,168.99468710326454,2287.40625,kernels_and_memcpy,record_arch_main/qwen3-8b/sweep_causal_conv1d+fla_3gpu_20260930-113850.json
qwen3-8b,32768,DFlash verify,decode: target verify,lm_head,32,1.691629577636719,1.0009957156836122,168.99468710327602,168.99468710326454,2287.40625,kernels_and_memcpy,record_arch_main/qwen3-8b/sweep_causal_conv1d+fla_3gpu_20260930-113850.json
qwen3-8b,32768,AR step,decode: ar step,outside_target_modules,32,1.3843095092773399,2.986889323011719,46.34619363403539,46.34619363403396,2070.90625,kernels_and_memcpy,record_arch_main/qwen3-8b/sweep_causal_conv1d+fla_3gpu_20260930-113850.json
qwen3-8b,32768,AR step,decode: ar step,full_attention,32,27.28555484008996,58.87334579306679,46.34619363403539,46.34619363403396,2070.90625,kernels_and_memcpy,record_arch_main/qwen3-8b/sweep_causal_conv1d+fla_3gpu_20260930-113850.json
qwen3-8b,32768,AR step,decode: ar step,ffn_dense,32,16.011852722168086,34.54836625549637,46.34619363403539,46.34619363403396,2070.90625,kernels_and_memcpy,record_arch_main/qwen3-8b/sweep_causal_conv1d+fla_3gpu_20260930-113850.json
qwen3-8b,32768,AR step,decode: ar step,lm_head,32,1.6644765625000004,3.591398628425127,46.34619363403539,46.34619363403396,2070.90625,kernels_and_memcpy,record_arch_main/qwen3-8b/sweep_causal_conv1d+fla_3gpu_20260930-113850.json
qwen3-8b,65536,DFlash verify,decode: target verify,outside_target_modules,32,7.0874553527825,2.344296080490642,302.32765441893986,302.327654418943,2288.84375,kernels_and_memcpy,record_arch_main/qwen3-8b/sweep_causal_conv1d+fla_3gpu_20260930-113850.json
qwen3-8b,65536,DFlash verify,decode: target verify,ffn_dense,32,16.474724395752048,5.449294550118389,302.32765441893986,302.327654418943,2288.84375,kernels_and_memcpy,record_arch_main/qwen3-8b/sweep_causal_conv1d+fla_3gpu_20260930-113850.json
qwen3-8b,65536,DFlash verify,decode: target verify,full_attention,32,277.07501675414557,91.64726173881489,302.32765441893986,302.327654418943,2288.84375,kernels_and_memcpy,record_arch_main/qwen3-8b/sweep_causal_conv1d+fla_3gpu_20260930-113850.json
qwen3-8b,65536,DFlash verify,decode: target verify,lm_head,32,1.6904579162597655,0.5591476305760879,302.32765441893986,302.327654418943,2288.84375,kernels_and_memcpy,record_arch_main/qwen3-8b/sweep_causal_conv1d+fla_3gpu_20260930-113850.json
qwen3-8b,65536,AR step,decode: ar step,outside_target_modules,32,1.3844248046874708,2.0872510835799423,66.3276601257276,66.32766012573401,2070.25,kernels_and_memcpy,record_arch_main/qwen3-8b/sweep_causal_conv1d+fla_3gpu_20260930-113850.json
qwen3-8b,65536,AR step,decode: ar step,ffn_dense,32,16.025733459472633,24.161463602206084,66.3276601257276,66.32766012573401,2070.25,kernels_and_memcpy,record_arch_main/qwen3-8b/sweep_causal_conv1d+fla_3gpu_20260930-113850.json
qwen3-8b,65536,AR step,decode: ar step,full_attention,32,47.25300863646985,71.24178441829436,66.3276601257276,66.32766012573401,2070.25,kernels_and_memcpy,record_arch_main/qwen3-8b/sweep_causal_conv1d+fla_3gpu_20260930-113850.json
qwen3-8b,65536,AR step,decode: ar step,lm_head,32,1.664493225097656,2.509500895919622,66.3276601257276,66.32766012573401,2070.25,kernels_and_memcpy,record_arch_main/qwen3-8b/sweep_causal_conv1d+fla_3gpu_20260930-113850.json
qwen3.5-9b,4096,DFlash verify,decode: target verify,outside_target_modules,29,2.5750664062498982,7.534030711797997,34.17913338496809,34.17913338496809,2271.9655172413795,kernels_and_memcpy,record_arch_main/qwen3.5-9b/sweep_causal_conv1d+fla_3gpu_20260930-103640.json
qwen3.5-9b,4096,DFlash verify,decode: target verify,gdn,29,8.156484071929226,23.863928848226536,34.17913338496809,34.17913338496809,2271.9655172413795,kernels_and_memcpy,record_arch_main/qwen3.5-9b/sweep_causal_conv1d+fla_3gpu_20260930-103640.json
qwen3.5-9b,4096,DFlash verify,decode: target verify,ffn_dense,29,14.551953461745855,42.575548355318375,34.17913338496809,34.17913338496809,2271.9655172413795,kernels_and_memcpy,record_arch_main/qwen3.5-9b/sweep_causal_conv1d+fla_3gpu_20260930-103640.json
qwen3.5-9b,4096,DFlash verify,decode: target verify,full_attention,29,6.134068258351301,17.94682208370166,34.17913338496809,34.17913338496809,2271.9655172413795,kernels_and_memcpy,record_arch_main/qwen3.5-9b/sweep_causal_conv1d+fla_3gpu_20260930-103640.json
qwen3.5-9b,4096,DFlash verify,decode: target verify,lm_head,29,2.7615611866918104,8.079670000955435,34.17913338496809,34.17913338496809,2271.9655172413795,kernels_and_memcpy,record_arch_main/qwen3.5-9b/sweep_causal_conv1d+fla_3gpu_20260930-103640.json
qwen3.5-9b,4096,AR step,decode: ar step,outside_target_modules,32,1.5240340270995412,5.522128987085274,27.59866766357384,27.598667663573384,2008.0,kernels_and_memcpy,record_arch_main/qwen3.5-9b/sweep_causal_conv1d+fla_3gpu_20260930-103640.json
qwen3.5-9b,4096,AR step,decode: ar step,gdn,32,6.387588378905731,23.144553413846143,27.59866766357384,27.598667663573384,2008.0,kernels_and_memcpy,record_arch_main/qwen3.5-9b/sweep_causal_conv1d+fla_3gpu_20260930-103640.json
qwen3.5-9b,4096,AR step,decode: ar step,ffn_dense,32,14.261309295654533,51.6739049489601,27.59866766357384,27.598667663573384,2008.0,kernels_and_memcpy,record_arch_main/qwen3.5-9b/sweep_causal_conv1d+fla_3gpu_20260930-103640.json
qwen3.5-9b,4096,AR step,decode: ar step,full_attention,32,2.7084373474120795,9.813652529998093,27.59866766357384,27.598667663573384,2008.0,kernels_and_memcpy,record_arch_main/qwen3.5-9b/sweep_causal_conv1d+fla_3gpu_20260930-103640.json
qwen3.5-9b,4096,AR step,decode: ar step,lm_head,32,2.7172986145019533,9.845760120110384,27.59866766357384,27.598667663573384,2008.0,kernels_and_memcpy,record_arch_main/qwen3.5-9b/sweep_causal_conv1d+fla_3gpu_20260930-103640.json
qwen3.5-9b,8192,DFlash verify,decode: target verify,full_attention,32,11.014835845947296,28.113588461671956,39.1797577209474,39.17975772094767,2272.5,kernels_and_memcpy,record_arch_main/qwen3.5-9b/sweep_causal_conv1d+fla_3gpu_20260930-103640.json
qwen3.5-9b,8192,DFlash verify,decode: target verify,outside_target_modules,32,2.652480010986263,6.770026578209591,39.1797577209474,39.17975772094767,2272.5,kernels_and_memcpy,record_arch_main/qwen3.5-9b/sweep_causal_conv1d+fla_3gpu_20260930-103640.json
qwen3.5-9b,8192,DFlash verify,decode: target verify,ffn_dense,32,14.594354675293133,37.24973181110378,39.1797577209474,39.17975772094767,2272.5,kernels_and_memcpy,record_arch_main/qwen3.5-9b/sweep_causal_conv1d+fla_3gpu_20260930-103640.json
qwen3.5-9b,8192,DFlash verify,decode: target verify,gdn,32,8.156203887939464,20.817392353548836,39.1797577209474,39.17975772094767,2272.5,kernels_and_memcpy,record_arch_main/qwen3.5-9b/sweep_causal_conv1d+fla_3gpu_20260930-103640.json
qwen3.5-9b,8192,DFlash verify,decode: target verify,lm_head,32,2.7618833007812498,7.04926079546585,39.1797577209474,39.17975772094767,2272.5,kernels_and_memcpy,record_arch_main/qwen3.5-9b/sweep_causal_conv1d+fla_3gpu_20260930-103640.json
qwen3.5-9b,8192,AR step,decode: ar step,full_attention,32,3.2903144226073784,11.740724437923216,28.02479898071258,28.024798980712912,2007.6875,kernels_and_memcpy,record_arch_main/qwen3.5-9b/sweep_causal_conv1d+fla_3gpu_20260930-103640.json
qwen3.5-9b,8192,AR step,decode: ar step,outside_target_modules,32,1.4779677429198852,5.273785349672133,28.02479898071258,28.024798980712912,2007.6875,kernels_and_memcpy,record_arch_main/qwen3.5-9b/sweep_causal_conv1d+fla_3gpu_20260930-103640.json
qwen3.5-9b,8192,AR step,decode: ar step,ffn_dense,32,14.21730734252951,50.73116618004734,28.02479898071258,28.024798980712912,2007.6875,kernels_and_memcpy,record_arch_main/qwen3.5-9b/sweep_causal_conv1d+fla_3gpu_20260930-103640.json
qwen3.5-9b,8192,AR step,decode: ar step,gdn,32,6.322044433593303,22.558750333746563,28.02479898071258,28.024798980712912,2007.6875,kernels_and_memcpy,record_arch_main/qwen3.5-9b/sweep_causal_conv1d+fla_3gpu_20260930-103640.json
qwen3.5-9b,8192,AR step,decode: ar step,lm_head,32,2.7171650390625,9.695573698610742,28.02479898071258,28.024798980712912,2007.6875,kernels_and_memcpy,record_arch_main/qwen3.5-9b/sweep_causal_conv1d+fla_3gpu_20260930-103640.json
qwen3.5-9b,16384,DFlash verify,decode: target verify,full_attention,26,19.4611458082932,40.725317811640096,47.78635712139445,47.78635712139474,2270.576923076923,kernels_and_memcpy,record_arch_main/qwen3.5-9b/sweep_causal_conv1d+fla_3gpu_20260930-103640.json
qwen3.5-9b,16384,DFlash verify,decode: target verify,outside_target_modules,26,2.8368834510215457,5.936597016204534,47.78635712139445,47.78635712139474,2270.576923076923,kernels_and_memcpy,record_arch_main/qwen3.5-9b/sweep_causal_conv1d+fla_3gpu_20260930-103640.json
qwen3.5-9b,16384,DFlash verify,decode: target verify,ffn_dense,26,14.572356595553034,30.494805365753308,47.78635712139445,47.78635712139474,2270.576923076923,kernels_and_memcpy,record_arch_main/qwen3.5-9b/sweep_causal_conv1d+fla_3gpu_20260930-103640.json
qwen3.5-9b,16384,DFlash verify,decode: target verify,gdn,26,8.154523099459366,17.064542247369808,47.78635712139445,47.78635712139474,2270.576923076923,kernels_and_memcpy,record_arch_main/qwen3.5-9b/sweep_causal_conv1d+fla_3gpu_20260930-103640.json
qwen3.5-9b,16384,DFlash verify,decode: target verify,lm_head,26,2.761448167067308,5.77873755903226,47.78635712139445,47.78635712139474,2270.576923076923,kernels_and_memcpy,record_arch_main/qwen3.5-9b/sweep_causal_conv1d+fla_3gpu_20260930-103640.json
qwen3.5-9b,16384,AR step,decode: ar step,full_attention,32,4.431752227783118,15.135649367131249,29.28022525024372,29.28022525024402,2007.28125,kernels_and_memcpy,record_arch_main/qwen3.5-9b/sweep_causal_conv1d+fla_3gpu_20260930-103640.json
qwen3.5-9b,16384,AR step,decode: ar step,outside_target_modules,32,1.5169512329101054,5.180804518904713,29.28022525024372,29.28022525024402,2007.28125,kernels_and_memcpy,record_arch_main/qwen3.5-9b/sweep_causal_conv1d+fla_3gpu_20260930-103640.json
qwen3.5-9b,16384,AR step,decode: ar step,ffn_dense,32,14.242500030517775,48.642043935093106,29.28022525024372,29.28022525024402,2007.28125,kernels_and_memcpy,record_arch_main/qwen3.5-9b/sweep_causal_conv1d+fla_3gpu_20260930-103640.json
qwen3.5-9b,16384,AR step,decode: ar step,gdn,32,6.3716271972651475,21.76085444292172,29.28022525024372,29.28022525024402,2007.28125,kernels_and_memcpy,record_arch_main/qwen3.5-9b/sweep_causal_conv1d+fla_3gpu_20260930-103640.json
qwen3.5-9b,16384,AR step,decode: ar step,lm_head,32,2.7173945617675774,9.280647735949225,29.28022525024372,29.28022525024402,2007.28125,kernels_and_memcpy,record_arch_main/qwen3.5-9b/sweep_causal_conv1d+fla_3gpu_20260930-103640.json
qwen3.5-9b,32768,DFlash verify,decode: target verify,gdn,32,8.188010223389274,12.487158244766075,65.57144598388696,65.57144598388574,2272.15625,kernels_and_memcpy,record_arch_main/qwen3.5-9b/sweep_causal_conv1d+fla_3gpu_20260930-103640.json
qwen3.5-9b,32768,DFlash verify,decode: target verify,outside_target_modules,32,3.2015328063963127,4.882510608631437,65.57144598388696,65.57144598388574,2272.15625,kernels_and_memcpy,record_arch_main/qwen3.5-9b/sweep_causal_conv1d+fla_3gpu_20260930-103640.json
qwen3.5-9b,32768,DFlash verify,decode: target verify,ffn_dense,32,14.633472259521485,22.31683629962561,65.57144598388696,65.57144598388574,2272.15625,kernels_and_memcpy,record_arch_main/qwen3.5-9b/sweep_causal_conv1d+fla_3gpu_20260930-103640.json
qwen3.5-9b,32768,DFlash verify,decode: target verify,full_attention,32,36.78614816284162,56.10086465361947,65.57144598388696,65.57144598388574,2272.15625,kernels_and_memcpy,record_arch_main/qwen3.5-9b/sweep_causal_conv1d+fla_3gpu_20260930-103640.json
qwen3.5-9b,32768,DFlash verify,decode: target verify,lm_head,32,2.762282531738281,4.212630193357431,65.57144598388696,65.57144598388574,2272.15625,kernels_and_memcpy,record_arch_main/qwen3.5-9b/sweep_causal_conv1d+fla_3gpu_20260930-103640.json
qwen3.5-9b,32768,AR step,decode: ar step,full_attention,32,6.659247467040847,21.125895323390587,31.521728973388072,31.52172897338884,2006.90625,kernels_and_memcpy,record_arch_main/qwen3.5-9b/sweep_causal_conv1d+fla_3gpu_20260930-103640.json
qwen3.5-9b,32768,AR step,decode: ar step,outside_target_modules,32,1.5172968139647791,4.813494891875198,31.521728973388072,31.52172897338884,2006.90625,kernels_and_memcpy,record_arch_main/qwen3.5-9b/sweep_causal_conv1d+fla_3gpu_20260930-103640.json
qwen3.5-9b,32768,AR step,decode: ar step,ffn_dense,32,14.25296871948257,45.21632912812463,31.521728973388072,31.52172897338884,2006.90625,kernels_and_memcpy,record_arch_main/qwen3.5-9b/sweep_causal_conv1d+fla_3gpu_20260930-103640.json
qwen3.5-9b,32768,AR step,decode: ar step,gdn,32,6.374888000487761,20.223789138818184,31.521728973388072,31.52172897338884,2006.90625,kernels_and_memcpy,record_arch_main/qwen3.5-9b/sweep_causal_conv1d+fla_3gpu_20260930-103640.json
qwen3.5-9b,32768,AR step,decode: ar step,lm_head,32,2.717327972412109,8.620491517791388,31.521728973388072,31.52172897338884,2006.90625,kernels_and_memcpy,record_arch_main/qwen3.5-9b/sweep_causal_conv1d+fla_3gpu_20260930-103640.json
qwen3.5-9b,65536,DFlash verify,decode: target verify,outside_target_modules,26,2.8589031325119403,2.893297772708792,98.81123054387,98.8112305438699,2268.153846153846,kernels_and_memcpy,record_arch_main/qwen3.5-9b/sweep_causal_conv1d+fla_3gpu_20260930-103640.json
qwen3.5-9b,65536,DFlash verify,decode: target verify,gdn,26,8.14691120793281,8.244924350290084,98.81123054387,98.8112305438699,2268.153846153846,kernels_and_memcpy,record_arch_main/qwen3.5-9b/sweep_causal_conv1d+fla_3gpu_20260930-103640.json
qwen3.5-9b,65536,DFlash verify,decode: target verify,ffn_dense,26,14.572039588341339,14.747351599747233,98.81123054387,98.8112305438699,2268.153846153846,kernels_and_memcpy,record_arch_main/qwen3.5-9b/sweep_causal_conv1d+fla_3gpu_20260930-103640.json
qwen3.5-9b,65536,DFlash verify,decode: target verify,full_attention,26,70.47155990835314,71.31938294915307,98.81123054387,98.8112305438699,2268.153846153846,kernels_and_memcpy,record_arch_main/qwen3.5-9b/sweep_causal_conv1d+fla_3gpu_20260930-103640.json
qwen3.5-9b,65536,DFlash verify,decode: target verify,lm_head,26,2.761816706730769,2.7950433281008316,98.81123054387,98.8112305438699,2268.153846153846,kernels_and_memcpy,record_arch_main/qwen3.5-9b/sweep_causal_conv1d+fla_3gpu_20260930-103640.json
qwen3.5-9b,65536,AR step,decode: ar step,gdn,32,6.344074737548506,17.67783323737658,35.88717379760721,35.88717379760782,2006.375,kernels_and_memcpy,record_arch_main/qwen3.5-9b/sweep_causal_conv1d+fla_3gpu_20260930-103640.json
qwen3.5-9b,65536,AR step,decode: ar step,outside_target_modules,32,1.497187438964788,4.1719290780836396,35.88717379760721,35.88717379760782,2006.375,kernels_and_memcpy,record_arch_main/qwen3.5-9b/sweep_causal_conv1d+fla_3gpu_20260930-103640.json
qwen3.5-9b,65536,AR step,decode: ar step,ffn_dense,32,14.248731079101672,39.70424408302587,35.88717379760721,35.88717379760782,2006.375,kernels_and_memcpy,record_arch_main/qwen3.5-9b/sweep_causal_conv1d+fla_3gpu_20260930-103640.json
qwen3.5-9b,65536,AR step,decode: ar step,full_attention,32,11.079958648681698,30.87442525056252,35.88717379760721,35.88717379760782,2006.375,kernels_and_memcpy,record_arch_main/qwen3.5-9b/sweep_causal_conv1d+fla_3gpu_20260930-103640.json
qwen3.5-9b,65536,AR step,decode: ar step,lm_head,32,2.7172218933105463,7.571568350951387,35.88717379760721,35.88717379760782,2006.375,kernels_and_memcpy,record_arch_main/qwen3.5-9b/sweep_causal_conv1d+fla_3gpu_20260930-103640.json
qwen3.5-35b-a3b,4096,DFlash verify,decode: target verify,gdn,32,8.090830169678613,14.87240036247593,54.401643127442455,54.40164312744133,9239.40625,kernels_and_memcpy,record_arch_main/qwen3.5-35b-a3b/sweep_causal_conv1d+fla_3gpu_20260930-023904.json
qwen3.5-35b-a3b,4096,DFlash verify,decode: target verify,outside_target_modules,32,2.7552057495114552,5.064563478454228,54.401643127442455,54.40164312744133,9239.40625,kernels_and_memcpy,record_arch_main/qwen3.5-35b-a3b/sweep_causal_conv1d+fla_3gpu_20260930-023904.json
qwen3.5-35b-a3b,4096,DFlash verify,decode: target verify,moe_shared_expert,32,1.0344915466308737,1.9015814360743695,54.401643127442455,54.40164312744133,9239.40625,kernels_and_memcpy,record_arch_main/qwen3.5-35b-a3b/sweep_causal_conv1d+fla_3gpu_20260930-023904.json
qwen3.5-35b-a3b,4096,DFlash verify,decode: target verify,moe_router,32,1.2615720520019484,2.3189962278281975,54.401643127442455,54.40164312744133,9239.40625,kernels_and_memcpy,record_arch_main/qwen3.5-35b-a3b/sweep_causal_conv1d+fla_3gpu_20260930-023904.json
qwen3.5-35b-a3b,4096,DFlash verify,decode: target verify,moe_experts,32,32.950696624756524,60.56930403290488,54.401643127442455,54.40164312744133,9239.40625,kernels_and_memcpy,record_arch_main/qwen3.5-35b-a3b/sweep_causal_conv1d+fla_3gpu_20260930-023904.json
qwen3.5-35b-a3b,4096,DFlash verify,decode: target verify,ffn_moe+shared,32,0.4026795959472682,0.7401974881603159,54.401643127442455,54.40164312744133,9239.40625,kernels_and_memcpy,record_arch_main/qwen3.5-35b-a3b/sweep_causal_conv1d+fla_3gpu_20260930-023904.json
qwen3.5-35b-a3b,4096,DFlash verify,decode: target verify,full_attention,32,6.509290100097409,11.965245396813854,54.401643127442455,54.40164312744133,9239.40625,kernels_and_memcpy,record_arch_main/qwen3.5-35b-a3b/sweep_causal_conv1d+fla_3gpu_20260930-023904.json
qwen3.5-35b-a3b,4096,DFlash verify,decode: target verify,lm_head,32,1.3968772888183592,2.567711577288216,54.401643127442455,54.40164312744133,9239.40625,kernels_and_memcpy,record_arch_main/qwen3.5-35b-a3b/sweep_causal_conv1d+fla_3gpu_20260930-023904.json
qwen3.5-35b-a3b,4096,AR step,decode: ar step,outside_target_modules,32,1.8526774291991557,9.699899356839085,19.099965484620135,19.09996548461922,4464.0,kernels_and_memcpy,record_arch_main/qwen3.5-35b-a3b/sweep_causal_conv1d+fla_3gpu_20260930-023904.json
qwen3.5-35b-a3b,4096,AR step,decode: ar step,gdn,32,5.160094787597386,27.01625189716939,19.099965484620135,19.09996548461922,4464.0,kernels_and_memcpy,record_arch_main/qwen3.5-35b-a3b/sweep_causal_conv1d+fla_3gpu_20260930-023904.json
qwen3.5-35b-a3b,4096,AR step,decode: ar step,moe_shared_expert,32,0.7702715759277237,4.032842763762947,19.099965484620135,19.09996548461922,4464.0,kernels_and_memcpy,record_arch_main/qwen3.5-35b-a3b/sweep_causal_conv1d+fla_3gpu_20260930-023904.json
qwen3.5-35b-a3b,4096,AR step,decode: ar step,moe_router,32,1.0103222351074288,5.289654768857936,19.099965484620135,19.09996548461922,4464.0,kernels_and_memcpy,record_arch_main/qwen3.5-35b-a3b/sweep_causal_conv1d+fla_3gpu_20260930-023904.json
qwen3.5-35b-a3b,4096,AR step,decode: ar step,moe_experts,32,6.400014984132204,33.50799240598465,19.099965484620135,19.09996548461922,4464.0,kernels_and_memcpy,record_arch_main/qwen3.5-35b-a3b/sweep_causal_conv1d+fla_3gpu_20260930-023904.json
qwen3.5-35b-a3b,4096,AR step,decode: ar step,ffn_moe+shared,32,0.3550451660156242,1.8588785738985611,19.099965484620135,19.09996548461922,4464.0,kernels_and_memcpy,record_arch_main/qwen3.5-35b-a3b/sweep_causal_conv1d+fla_3gpu_20260930-023904.json
qwen3.5-35b-a3b,4096,AR step,decode: ar step,full_attention,32,2.1892156677245973,11.461882847314145,19.099965484620135,19.09996548461922,4464.0,kernels_and_memcpy,record_arch_main/qwen3.5-35b-a3b/sweep_causal_conv1d+fla_3gpu_20260930-023904.json
qwen3.5-35b-a3b,4096,AR step,decode: ar step,lm_head,32,1.3623236389160156,7.132597386173287,19.099965484620135,19.09996548461922,4464.0,kernels_and_memcpy,record_arch_main/qwen3.5-35b-a3b/sweep_causal_conv1d+fla_3gpu_20260930-023904.json
qwen3.5-35b-a3b,8192,DFlash verify,decode: target verify,moe_experts,32,33.714075378418904,55.12155505755345,61.16314270019669,61.163142700195934,9347.3125,kernels_and_memcpy,record_arch_main/qwen3.5-35b-a3b/sweep_causal_conv1d+fla_3gpu_20260930-023904.json
qwen3.5-35b-a3b,8192,DFlash verify,decode: target verify,ffn_moe+shared,32,0.40489401245117135,0.661990202883851,61.16314270019669,61.163142700195934,9347.3125,kernels_and_memcpy,record_arch_main/qwen3.5-35b-a3b/sweep_causal_conv1d+fla_3gpu_20260930-023904.json
qwen3.5-35b-a3b,8192,DFlash verify,decode: target verify,outside_target_modules,32,2.8649142456053056,4.684053367970729,61.16314270019669,61.163142700195934,9347.3125,kernels_and_memcpy,record_arch_main/qwen3.5-35b-a3b/sweep_causal_conv1d+fla_3gpu_20260930-023904.json
qwen3.5-35b-a3b,8192,DFlash verify,decode: target verify,full_attention,32,12.351060699462819,20.193633214702523,61.16314270019669,61.163142700195934,9347.3125,kernels_and_memcpy,record_arch_main/qwen3.5-35b-a3b/sweep_causal_conv1d+fla_3gpu_20260930-023904.json
qwen3.5-35b-a3b,8192,DFlash verify,decode: target verify,moe_shared_expert,32,1.037801361083998,1.696775730068332,61.16314270019669,61.163142700195934,9347.3125,kernels_and_memcpy,record_arch_main/qwen3.5-35b-a3b/sweep_causal_conv1d+fla_3gpu_20260930-023904.json
qwen3.5-35b-a3b,8192,DFlash verify,decode: target verify,moe_router,32,1.2691645202636554,2.0750479197655327,61.16314270019669,61.163142700195934,9347.3125,kernels_and_memcpy,record_arch_main/qwen3.5-35b-a3b/sweep_causal_conv1d+fla_3gpu_20260930-023904.json
qwen3.5-35b-a3b,8192,DFlash verify,decode: target verify,gdn,32,8.123819183350292,13.282213478092203,61.16314270019669,61.163142700195934,9347.3125,kernels_and_memcpy,record_arch_main/qwen3.5-35b-a3b/sweep_causal_conv1d+fla_3gpu_20260930-023904.json
qwen3.5-35b-a3b,8192,DFlash verify,decode: target verify,lm_head,32,1.397413299560547,2.284731028963385,61.16314270019669,61.163142700195934,9347.3125,kernels_and_memcpy,record_arch_main/qwen3.5-35b-a3b/sweep_causal_conv1d+fla_3gpu_20260930-023904.json
qwen3.5-35b-a3b,8192,AR step,decode: ar step,moe_experts,32,6.357232666016221,32.883129082226404,19.332809387207487,19.332809387207003,4461.96875,kernels_and_memcpy,record_arch_main/qwen3.5-35b-a3b/sweep_causal_conv1d+fla_3gpu_20260930-023904.json
qwen3.5-35b-a3b,8192,AR step,decode: ar step,ffn_moe+shared,32,0.3507081909179673,1.8140570462047318,19.332809387207487,19.332809387207003,4461.96875,kernels_and_memcpy,record_arch_main/qwen3.5-35b-a3b/sweep_causal_conv1d+fla_3gpu_20260930-023904.json
qwen3.5-35b-a3b,8192,AR step,decode: ar step,outside_target_modules,32,1.83362854003902,9.484542589305885,19.332809387207487,19.332809387207003,4461.96875,kernels_and_memcpy,record_arch_main/qwen3.5-35b-a3b/sweep_causal_conv1d+fla_3gpu_20260930-023904.json
qwen3.5-35b-a3b,8192,AR step,decode: ar step,gdn,32,5.120264556884672,26.48484477518694,19.332809387207487,19.332809387207003,4461.96875,kernels_and_memcpy,record_arch_main/qwen3.5-35b-a3b/sweep_causal_conv1d+fla_3gpu_20260930-023904.json
qwen3.5-35b-a3b,8192,AR step,decode: ar step,moe_shared_expert,32,0.7650210266113211,3.957112550427023,19.332809387207487,19.332809387207003,4461.96875,kernels_and_memcpy,record_arch_main/qwen3.5-35b-a3b/sweep_causal_conv1d+fla_3gpu_20260930-023904.json
qwen3.5-35b-a3b,8192,AR step,decode: ar step,moe_router,32,1.0008703918457145,5.177056121538084,19.332809387207487,19.332809387207003,4461.96875,kernels_and_memcpy,record_arch_main/qwen3.5-35b-a3b/sweep_causal_conv1d+fla_3gpu_20260930-023904.json
qwen3.5-35b-a3b,8192,AR step,decode: ar step,full_attention,32,2.542910461425772,13.15334160956666,19.332809387207487,19.332809387207003,4461.96875,kernels_and_memcpy,record_arch_main/qwen3.5-35b-a3b/sweep_causal_conv1d+fla_3gpu_20260930-023904.json
qwen3.5-35b-a3b,8192,AR step,decode: ar step,lm_head,32,1.362173553466797,7.045916225544264,19.332809387207487,19.332809387207003,4461.96875,kernels_and_memcpy,record_arch_main/qwen3.5-35b-a3b/sweep_causal_conv1d+fla_3gpu_20260930-023904.json
qwen3.5-35b-a3b,16384,DFlash verify,decode: target verify,moe_experts,32,31.72431109618929,45.443499057405425,69.81044979858241,69.81044979858295,9027.75,kernels_and_memcpy,record_arch_main/qwen3.5-35b-a3b/sweep_causal_conv1d+fla_3gpu_20260930-023904.json
qwen3.5-35b-a3b,16384,DFlash verify,decode: target verify,ffn_moe+shared,32,0.4064028930664122,0.5821519475078138,69.81044979858241,69.81044979858295,9027.75,kernels_and_memcpy,record_arch_main/qwen3.5-35b-a3b/sweep_causal_conv1d+fla_3gpu_20260930-023904.json
qwen3.5-35b-a3b,16384,DFlash verify,decode: target verify,outside_target_modules,32,3.0515819091793417,4.371239431895636,69.81044979858241,69.81044979858295,9027.75,kernels_and_memcpy,record_arch_main/qwen3.5-35b-a3b/sweep_causal_conv1d+fla_3gpu_20260930-023904.json
qwen3.5-35b-a3b,16384,DFlash verify,decode: target verify,gdn,32,8.146143218994977,11.66894532623452,69.81044979858241,69.81044979858295,9027.75,kernels_and_memcpy,record_arch_main/qwen3.5-35b-a3b/sweep_causal_conv1d+fla_3gpu_20260930-023904.json
qwen3.5-35b-a3b,16384,DFlash verify,decode: target verify,moe_shared_expert,32,1.0406051940918153,1.49061522607887,69.81044979858241,69.81044979858295,9027.75,kernels_and_memcpy,record_arch_main/qwen3.5-35b-a3b/sweep_causal_conv1d+fla_3gpu_20260930-023904.json
qwen3.5-35b-a3b,16384,DFlash verify,decode: target verify,moe_router,32,1.2732634887695238,1.8238866708969106,69.81044979858241,69.81044979858295,9027.75,kernels_and_memcpy,record_arch_main/qwen3.5-35b-a3b/sweep_causal_conv1d+fla_3gpu_20260930-023904.json
qwen3.5-35b-a3b,16384,DFlash verify,decode: target verify,full_attention,32,22.771026824951207,32.618364285934746,69.81044979858241,69.81044979858295,9027.75,kernels_and_memcpy,record_arch_main/qwen3.5-35b-a3b/sweep_causal_conv1d+fla_3gpu_20260930-023904.json
qwen3.5-35b-a3b,16384,DFlash verify,decode: target verify,lm_head,32,1.3971151733398435,2.001298054046077,69.81044979858241,69.81044979858295,9027.75,kernels_and_memcpy,record_arch_main/qwen3.5-35b-a3b/sweep_causal_conv1d+fla_3gpu_20260930-023904.json
qwen3.5-35b-a3b,16384,AR step,decode: ar step,moe_experts,32,6.3730801086434,31.53790455351979,20.20768405151423,20.207684051513528,4459.875,kernels_and_memcpy,record_arch_main/qwen3.5-35b-a3b/sweep_causal_conv1d+fla_3gpu_20260930-023904.json
qwen3.5-35b-a3b,16384,AR step,decode: ar step,ffn_moe+shared,32,0.3527563781738271,1.7456546592601434,20.20768405151423,20.207684051513528,4459.875,kernels_and_memcpy,record_arch_main/qwen3.5-35b-a3b/sweep_causal_conv1d+fla_3gpu_20260930-023904.json
qwen3.5-35b-a3b,16384,AR step,decode: ar step,outside_target_modules,32,1.8381240844725715,9.096164012594182,20.20768405151423,20.207684051513528,4459.875,kernels_and_memcpy,record_arch_main/qwen3.5-35b-a3b/sweep_causal_conv1d+fla_3gpu_20260930-023904.json
qwen3.5-35b-a3b,16384,AR step,decode: ar step,gdn,32,5.1488204650877725,25.479517850547317,20.20768405151423,20.207684051513528,4459.875,kernels_and_memcpy,record_arch_main/qwen3.5-35b-a3b/sweep_causal_conv1d+fla_3gpu_20260930-023904.json
qwen3.5-35b-a3b,16384,AR step,decode: ar step,moe_shared_expert,32,0.7673505249023368,3.797320479408607,20.20768405151423,20.207684051513528,4459.875,kernels_and_memcpy,record_arch_main/qwen3.5-35b-a3b/sweep_causal_conv1d+fla_3gpu_20260930-023904.json
qwen3.5-35b-a3b,16384,AR step,decode: ar step,moe_router,32,1.004410675048839,4.970439326388692,20.20768405151423,20.207684051513528,4459.875,kernels_and_memcpy,record_arch_main/qwen3.5-35b-a3b/sweep_causal_conv1d+fla_3gpu_20260930-023904.json
qwen3.5-35b-a3b,16384,AR step,decode: ar step,full_attention,32,3.3607126159667313,16.630864810630793,20.20768405151423,20.207684051513528,4459.875,kernels_and_memcpy,record_arch_main/qwen3.5-35b-a3b/sweep_causal_conv1d+fla_3gpu_20260930-023904.json
qwen3.5-35b-a3b,16384,AR step,decode: ar step,lm_head,32,1.36242919921875,6.742134307650454,20.20768405151423,20.207684051513528,4459.875,kernels_and_memcpy,record_arch_main/qwen3.5-35b-a3b/sweep_causal_conv1d+fla_3gpu_20260930-023904.json
qwen3.5-35b-a3b,32768,DFlash verify,decode: target verify,moe_experts,32,33.31916888427848,36.513583945007284,91.25143380737461,91.25143380737461,9308.65625,kernels_and_memcpy,record_arch_main/qwen3.5-35b-a3b/sweep_causal_conv1d+fla_3gpu_20260930-023904.json
qwen3.5-35b-a3b,32768,DFlash verify,decode: target verify,ffn_moe+shared,32,0.4023893432617227,0.4409676938459273,91.25143380737461,91.25143380737461,9308.65625,kernels_and_memcpy,record_arch_main/qwen3.5-35b-a3b/sweep_causal_conv1d+fla_3gpu_20260930-023904.json
qwen3.5-35b-a3b,32768,DFlash verify,decode: target verify,outside_target_modules,32,3.166199493407853,3.4697531439248164,91.25143380737461,91.25143380737461,9308.65625,kernels_and_memcpy,record_arch_main/qwen3.5-35b-a3b/sweep_causal_conv1d+fla_3gpu_20260930-023904.json
qwen3.5-35b-a3b,32768,DFlash verify,decode: target verify,full_attention,32,42.58219406127905,46.66468490913477,91.25143380737461,91.25143380737461,9308.65625,kernels_and_memcpy,record_arch_main/qwen3.5-35b-a3b/sweep_causal_conv1d+fla_3gpu_20260930-023904.json
qwen3.5-35b-a3b,32768,DFlash verify,decode: target verify,moe_shared_expert,32,1.0333583984375168,1.1324297661107046,91.25143380737461,91.25143380737461,9308.65625,kernels_and_memcpy,record_arch_main/qwen3.5-35b-a3b/sweep_causal_conv1d+fla_3gpu_20260930-023904.json
qwen3.5-35b-a3b,32768,DFlash verify,decode: target verify,moe_router,32,1.2620087890624891,1.3830015994340443,91.25143380737461,91.25143380737461,9308.65625,kernels_and_memcpy,record_arch_main/qwen3.5-35b-a3b/sweep_causal_conv1d+fla_3gpu_20260930-023904.json
qwen3.5-35b-a3b,32768,DFlash verify,decode: target verify,gdn,32,8.088585906983432,8.864064453012181,91.25143380737461,91.25143380737461,9308.65625,kernels_and_memcpy,record_arch_main/qwen3.5-35b-a3b/sweep_causal_conv1d+fla_3gpu_20260930-023904.json
qwen3.5-35b-a3b,32768,DFlash verify,decode: target verify,lm_head,32,1.3975289306640626,1.5315144895302668,91.25143380737461,91.25143380737461,9308.65625,kernels_and_memcpy,record_arch_main/qwen3.5-35b-a3b/sweep_causal_conv1d+fla_3gpu_20260930-023904.json
qwen3.5-35b-a3b,32768,AR step,decode: ar step,moe_experts,32,6.373988342286294,29.510220984701085,21.599256561280058,21.59925656127956,4457.75,kernels_and_memcpy,record_arch_main/qwen3.5-35b-a3b/sweep_causal_conv1d+fla_3gpu_20260930-023904.json
qwen3.5-35b-a3b,32768,AR step,decode: ar step,ffn_moe+shared,32,0.3528678283691389,1.6337035831210414,21.599256561280058,21.59925656127956,4457.75,kernels_and_memcpy,record_arch_main/qwen3.5-35b-a3b/sweep_causal_conv1d+fla_3gpu_20260930-023904.json
qwen3.5-35b-a3b,32768,AR step,decode: ar step,outside_target_modules,32,1.8409844360350975,8.523369453999363,21.599256561280058,21.59925656127956,4457.75,kernels_and_memcpy,record_arch_main/qwen3.5-35b-a3b/sweep_causal_conv1d+fla_3gpu_20260930-023904.json
qwen3.5-35b-a3b,32768,AR step,decode: ar step,full_attention,32,4.755896240234289,22.0187960022659,21.599256561280058,21.59925656127956,4457.75,kernels_and_memcpy,record_arch_main/qwen3.5-35b-a3b/sweep_causal_conv1d+fla_3gpu_20260930-023904.json
qwen3.5-35b-a3b,32768,AR step,decode: ar step,moe_shared_expert,32,0.7672188415527249,3.552061337741045,21.599256561280058,21.59925656127956,4457.75,kernels_and_memcpy,record_arch_main/qwen3.5-35b-a3b/sweep_causal_conv1d+fla_3gpu_20260930-023904.json
qwen3.5-35b-a3b,32768,AR step,decode: ar step,moe_router,32,1.0012481689453212,4.635567738661017,21.599256561280058,21.59925656127956,4457.75,kernels_and_memcpy,record_arch_main/qwen3.5-35b-a3b/sweep_causal_conv1d+fla_3gpu_20260930-023904.json
qwen3.5-35b-a3b,32768,AR step,decode: ar step,gdn,32,5.144647216796645,23.818630989453613,21.599256561280058,21.59925656127956,4457.75,kernels_and_memcpy,record_arch_main/qwen3.5-35b-a3b/sweep_causal_conv1d+fla_3gpu_20260930-023904.json
qwen3.5-35b-a3b,32768,AR step,decode: ar step,lm_head,32,1.3624054870605464,6.307649910056927,21.599256561280058,21.59925656127956,4457.75,kernels_and_memcpy,record_arch_main/qwen3.5-35b-a3b/sweep_causal_conv1d+fla_3gpu_20260930-023904.json
qwen3.5-35b-a3b,65536,DFlash verify,decode: target verify,moe_experts,32,34.19963006591815,25.765626159599584,132.73354916381987,132.73354916381263,9452.65625,kernels_and_memcpy,record_arch_main/qwen3.5-35b-a3b/sweep_causal_conv1d+fla_3gpu_20260930-023904.json
qwen3.5-35b-a3b,65536,DFlash verify,decode: target verify,ffn_moe+shared,32,0.40132586669922543,0.30235450587093743,132.73354916381987,132.73354916381263,9452.65625,kernels_and_memcpy,record_arch_main/qwen3.5-35b-a3b/sweep_causal_conv1d+fla_3gpu_20260930-023904.json
qwen3.5-35b-a3b,65536,DFlash verify,decode: target verify,outside_target_modules,32,3.1415003967283166,2.366771940115211,132.73354916381987,132.73354916381263,9452.65625,kernels_and_memcpy,record_arch_main/qwen3.5-35b-a3b/sweep_causal_conv1d+fla_3gpu_20260930-023904.json
qwen3.5-35b-a3b,65536,DFlash verify,decode: target verify,full_attention,32,83.23166290283297,62.705821871837664,132.73354916381987,132.73354916381263,9452.65625,kernels_and_memcpy,record_arch_main/qwen3.5-35b-a3b/sweep_causal_conv1d+fla_3gpu_20260930-023904.json
qwen3.5-35b-a3b,65536,DFlash verify,decode: target verify,moe_shared_expert,32,1.031197143554691,0.776892616863568,132.73354916381987,132.73354916381263,9452.65625,kernels_and_memcpy,record_arch_main/qwen3.5-35b-a3b/sweep_causal_conv1d+fla_3gpu_20260930-023904.json
qwen3.5-35b-a3b,65536,DFlash verify,decode: target verify,moe_router,32,1.2583290405273322,0.948011296657412,132.73354916381987,132.73354916381263,9452.65625,kernels_and_memcpy,record_arch_main/qwen3.5-35b-a3b/sweep_causal_conv1d+fla_3gpu_20260930-023904.json
qwen3.5-35b-a3b,65536,DFlash verify,decode: target verify,gdn,32,8.072781646729116,6.081945143172267,132.73354916381987,132.73354916381263,9452.65625,kernels_and_memcpy,record_arch_main/qwen3.5-35b-a3b/sweep_causal_conv1d+fla_3gpu_20260930-023904.json
qwen3.5-35b-a3b,65536,DFlash verify,decode: target verify,lm_head,32,1.3971221008300778,1.0525764658833527,132.73354916381987,132.73354916381263,9452.65625,kernels_and_memcpy,record_arch_main/qwen3.5-35b-a3b/sweep_causal_conv1d+fla_3gpu_20260930-023904.json
qwen3.5-35b-a3b,65536,AR step,decode: ar step,moe_experts,32,6.27134582519673,25.885215803928002,24.227519958497204,24.227519958496522,4455.4375,kernels_and_memcpy,record_arch_main/qwen3.5-35b-a3b/sweep_causal_conv1d+fla_3gpu_20260930-023904.json
qwen3.5-35b-a3b,65536,AR step,decode: ar step,ffn_moe+shared,32,0.35022583007812075,1.4455702881602113,24.227519958497204,24.227519958496522,4455.4375,kernels_and_memcpy,record_arch_main/qwen3.5-35b-a3b/sweep_causal_conv1d+fla_3gpu_20260930-023904.json
qwen3.5-35b-a3b,65536,AR step,decode: ar step,outside_target_modules,32,1.8243188476562033,7.529944669455812,24.227519958497204,24.227519958496522,4455.4375,kernels_and_memcpy,record_arch_main/qwen3.5-35b-a3b/sweep_causal_conv1d+fla_3gpu_20260930-023904.json
qwen3.5-35b-a3b,65536,AR step,decode: ar step,gdn,32,5.104763854980234,21.07010483831988,24.227519958497204,24.227519958496522,4455.4375,kernels_and_memcpy,record_arch_main/qwen3.5-35b-a3b/sweep_causal_conv1d+fla_3gpu_20260930-023904.json
qwen3.5-35b-a3b,65536,AR step,decode: ar step,moe_shared_expert,32,0.764492462158193,3.1554713956187093,24.227519958497204,24.227519958496522,4455.4375,kernels_and_memcpy,record_arch_main/qwen3.5-35b-a3b/sweep_causal_conv1d+fla_3gpu_20260930-023904.json
qwen3.5-35b-a3b,65536,AR step,decode: ar step,moe_router,32,1.0080479431152478,4.160755805142573,24.227519958497204,24.227519958496522,4455.4375,kernels_and_memcpy,record_arch_main/qwen3.5-35b-a3b/sweep_causal_conv1d+fla_3gpu_20260930-023904.json
qwen3.5-35b-a3b,65536,AR step,decode: ar step,full_attention,32,7.542121429443334,31.130389913467475,24.227519958497204,24.227519958496522,4455.4375,kernels_and_memcpy,record_arch_main/qwen3.5-35b-a3b/sweep_causal_conv1d+fla_3gpu_20260930-023904.json
qwen3.5-35b-a3b,65536,AR step,decode: ar step,lm_head,32,1.3622037658691408,5.622547285907328,24.227519958497204,24.227519958496522,4455.4375,kernels_and_memcpy,record_arch_main/qwen3.5-35b-a3b/sweep_causal_conv1d+fla_3gpu_20260930-023904.json
