model,context,mode,source,occurrences,outside_target_modules,full_attention,ffn_dense,lm_head,expert_gemm,expert_dispatch,total_kernel_ms,kernels,expert_loop_kernels,perf_interval_ms,cross_pass_ratio,gdn,moe_shared_expert,moe_router,moe_experts,ffn_moe+shared
qwen3-8b,4096,dflash,record_arch_main/qwen3-8b/traces/20260930-113850/qwen3-8b_S4096_b16_o256_shape_controlled_p0__dflash.decode_target_verify.breakdown.json,32,1.9117058124999515,23.53117456249976,16.411050468750023,1.6914229999999997,0,0,43.54535384374974,2293.09375,0,47.797089229930535,0.911046144133849,,,,,
qwen3-8b,65536,dflash,record_arch_main/qwen3-8b/traces/20260930-113850/qwen3-8b_S65536_b16_o256_shape_controlled_p0__dflash.decode_target_verify.breakdown.json,32,1.8163860624999857,276.90329328126705,16.326176468750035,1.6904579687500003,0,0,296.7363137812671,2288.84375,0,306.4691944885254,0.9682418954913177,,,,,
qwen3-8b,65536,ar,record_arch_main/qwen3-8b/traces/20260930-113850/qwen3-8b_S65536_b16_o256_shape_controlled_p0__ar.decode_ar_step.breakdown.json,32,1.2895093125000059,47.25298050000086,15.962680468750019,1.6644931562499996,0,0,66.16966343750089,2070.25,0,68.45812241218108,0.9665714031579545,,,,,
qwen3.5-9b,4096,dflash,record_arch_main/qwen3.5-9b/traces/20260930-103640/qwen3.5-9b_S4096_b16_o256_shape_controlled_p0__dflash.decode_target_verify.breakdown.json,29,1.8152983793103292,6.118783068965526,14.503622655172405,2.761561206896551,0,0,33.293811448275825,2271.965517241379,0,59.45819341725317,0.5599532971786333,8.094546137931012,,,,
qwen3.5-9b,65536,dflash,record_arch_main/qwen3.5-9b/traces/20260930-103640/qwen3.5-9b_S65536_b16_o256_shape_controlled_p0__dflash.decode_target_verify.breakdown.json,26,1.8240848076922918,70.45706326923084,14.515558230769216,2.7618166538461537,0,0,97.6461337692308,2268.153846153846,0,100.88200877262996,0.9679241616739389,8.087610807692295,,,,
qwen3.5-9b,65536,ar,record_arch_main/qwen3.5-9b/traces/20260930-103640/qwen3.5-9b_S65536_b16_o256_shape_controlled_p0__ar.decode_ar_step.breakdown.json,32,1.3913834062499961,11.079960281249956,14.167495093749967,2.717221968749999,0,0,35.64345653124991,2006.375,0,41.880919639130724,0.8510667110076316,6.287395781249991,,,,
qwen3.5-35b-a3b,4096,dflash,record_arch_main/qwen3.5-35b-a3b/traces/20260930-023904/qwen3.5-35b-a3b_S4096_b16_o256_shape_controlled_p0__dflash.decode_target_verify.breakdown.json,32,2.0517458124999806,6.509278593750041,,1.3968772812499999,30.57563165624773,2.1072179375000175,53.349490656247816,9239.40625,5807.53125,183.43469599673622,0.29083642201035426,8.010001250000059,1.0344908125000023,1.2615686562499948,32.68284959374775,0.4026786562499972
qwen3.5-35b-a3b,4096,ar,record_arch_main/qwen3.5-35b-a3b/traces/20260930-023904/qwen3.5-35b-a3b_S4096_b16_o256_shape_controlled_p0__ar.decode_ar_step.breakdown.json,32,1.7321477187500005,2.181164281250037,,1.3623235937500002,4.22550265624975,1.863759968750072,18.55283065624988,4464.0,1480.0,131.74602838835733,0.14082269411234435,5.052264468750024,0.7702658749999973,1.0103455312500018,6.089262624999822,0.35505656249999695
qwen3.5-35b-a3b,65536,dflash,record_arch_main/qwen3.5-35b-a3b/traces/20260930-023904/qwen3.5-35b-a3b_S65536_b16_o256_shape_controlled_p0__dflash.decode_target_verify.breakdown.json,32,2.049902531250057,83.23165121875005,,1.3971221249999999,31.862470968749182,2.1018786250000083,131.32809671874932,9452.65625,6022.84375,257.3188370598687,0.5103710953279105,7.994231093750035,1.0311980625000023,1.2583195937499916,33.96434959374919,0.40132249999999847
qwen3.5-35b-a3b,65536,ar,record_arch_main/qwen3.5-35b-a3b/traces/20260930-023904/qwen3.5-35b-a3b_S65536_b16_o256_shape_controlled_p0__ar.decode_ar_step.breakdown.json,32,1.709931125000001,7.533425718749973,,1.36220378125,4.203766937499782,1.8392209375000768,23.790242812499862,4455.4375,1477.6875,132.15551163964705,0.18001703082478718,5.018899468750032,0.7644863749999995,1.008069750000003,6.0429878749998585,0.3502387187499986
