model,context,verify_ms,ar_step_ms,verify_over_ar,verify_minus_ar_ms,verify_total_s,verify_steps,verify_ms_per_decode_output_token,df_tpot_ms,ar_tpot_ms,verify_share_decode_pct,verify_share_e2e_pct
qwen3-8b,4096,47.797089229930535,37.697881753282516,1.2678985398368872,10.099207476648019,4.206143852233887,88,16.494681773466223,19.25385538032096,37.697881753282516,85.66950071893217,74.92132408985283
qwen3-8b,8192,63.05513004302979,38.15173588273134,1.652746030661491,24.903394160298454,6.305513004302979,100,24.72750197765874,28.115826392290636,38.15173588273134,87.94869349612651,73.14225106630099
qwen3-8b,16384,103.46352480168927,39.87221315722255,2.594877901402562,63.59131164446672,11.794841827392577,114,46.254281676049324,50.62881293706596,39.87221315722255,91.35960136680592,72.36152813963147
qwen3-8b,32768,171.37760711134524,49.66796029395625,3.450465976397243,121.709646817389,29.30557081604004,171,114.92380712172564,122.97948431314937,49.66796029395625,93.44957637738086,73.94104412219517
qwen3-8b,65536,306.4691944885254,68.45812241218108,4.476739701438172,238.0110720763443,61.29383889770508,200,240.36799567727482,253.4610484041931,68.45812241218108,94.83429394403875,69.47752417847681
qwen3.5-9b,4096,59.45819341725317,42.02807629389652,1.4147255515924702,17.430117123356652,1.7242876091003418,29,6.76191219255036,8.138018552506086,42.02807629389652,83.09040030964347,62.40633137000109
qwen3.5-9b,8192,59.98355613436018,41.98481193743646,1.42869655397634,17.998744196923717,3.35907914352417,56,13.172859386369293,15.881295819931172,41.98481193743646,82.94574659227263,62.09982636271579
qwen3.5-9b,16384,60.09223395127516,41.945356545129826,1.4326313780792579,18.146877406145336,1.5623980827331543,26,6.127051304835899,7.5969221326066,41.945356545129826,80.65175867129271,32.84475109408991
qwen3.5-9b,32768,69.02018309292727,41.5383145569221,1.6616028798748042,27.481868536005166,5.038473365783691,73,19.758719081504672,23.831546411612162,41.5383145569221,82.90993265916237,41.71318285805416
qwen3.5-9b,65536,100.88200877262996,41.880919639130724,2.4087820812409424,59.001089133499235,2.622932228088379,26,10.286008737601486,12.717904619799524,41.880919639130724,80.87817172011175,15.646112035282647
qwen3.5-35b-a3b,4096,183.43469599673622,131.74602838835733,1.392335679797591,51.68866760837889,6.9705184478759765,38,27.33536646225873,28.70539863155607,131.74602838835733,95.22726652612569,86.82610677716298
qwen3.5-35b-a3b,8192,185.13501634784774,131.0795877758852,1.4123863180313356,54.05542857196255,9.441885833740235,51,37.02700326956955,38.8647555492307,131.0795877758852,95.2714168565058,84.97491107061735
qwen3.5-35b-a3b,16384,195.16876148042226,131.38350644331499,1.4854890599576684,63.78525503710728,8.197087982177734,42,32.145443067363665,33.757749706616295,131.38350644331499,95.22389183738562,75.27282966228046
qwen3.5-35b-a3b,32768,217.90066795349122,132.06678667452698,1.649927839090219,85.83388127896424,8.716026718139648,40,34.180496933880974,35.93707976534086,132.06678667452698,95.11206018148975,62.41422602033168
qwen3.5-35b-a3b,65536,257.3188370598687,132.15551163964705,1.9470912250826797,125.16332542022167,9.263478134155273,36,36.32736523198146,38.34501374512911,132.15551163964705,94.73817240865132,44.35445597631365
